"Date","Price","Open","High","Low","Vol.","Change %"
"10/30/2020","32,538.00","32,538.00","32,538.00","32,538.00","","-1.42%"
"10/29/2020","33,008.00","33,008.00","33,008.00","33,008.00","","-0.02%"
"10/28/2020","33,013.50","33,013.50","33,013.50","33,013.50","","-0.02%"
"10/27/2020","33,018.75","33,018.75","33,018.75","33,018.75","","-0.02%"
"10/26/2020","33,024.00","33,024.00","33,024.00","33,024.00","","-0.07%"
"10/23/2020","33,045.50","33,045.50","33,045.50","33,045.50","","0.00%"
"10/22/2020","33,045.50","33,045.50","33,045.50","33,045.50","","-0.02%"
"10/21/2020","33,050.75","33,050.75","33,050.75","33,050.75","","-0.02%"
"10/20/2020","33,056.00","33,056.00","33,056.00","33,056.00","","0.21%"
"10/19/2020","32,985.75","32,985.75","32,985.75","32,985.75","","-0.05%"
"10/16/2020","33,002.50","33,002.50","33,002.50","33,002.50","","0.00%"
"10/15/2020","33,002.50","33,002.50","33,002.50","33,002.50","0.00K","-0.01%"
"10/14/2020","33,007.00","33,007.00","33,007.00","33,007.00","","-1.43%"
"10/13/2020","33,486.50","33,486.50","33,486.50","33,486.50","","-0.01%"
"10/12/2020","33,491.00","33,491.00","33,491.00","33,491.00","","-0.05%"
"10/09/2020","33,508.25","33,508.25","33,508.25","33,508.25","","0.00%"
"10/08/2020","33,508.25","33,508.25","33,508.25","33,508.25","","-0.01%"
"10/07/2020","33,512.50","33,512.50","33,512.50","33,512.50","","-0.01%"
"10/06/2020","33,517.00","33,517.00","33,517.00","33,517.00","","-1.25%"
"10/05/2020","33,941.25","33,941.25","33,941.25","33,941.25","","-0.01%"
"10/02/2020","33,945.50","33,945.50","33,945.50","33,945.50","","0.00%"
"10/01/2020","33,945.50","33,945.50","33,945.50","33,945.50","","-0.06%"
"09/30/2020","33,967.50","33,967.50","33,967.50","33,967.50","","-0.01%"
"09/29/2020","33,971.50","33,971.50","33,971.50","33,971.50","","0.00%"
"09/28/2020","33,971.50","33,971.50","33,971.50","33,971.50","","-0.06%"
"09/25/2020","33,992.50","33,992.50","33,992.50","33,992.50","","0.00%"
"09/24/2020","33,992.50","33,992.50","33,992.50","33,992.50","","-0.01%"
"09/23/2020","33,996.75","33,996.80","33,996.80","33,996.80","","-0.01%"
"09/22/2020","34,001.00","34,001.00","34,001.00","34,001.00","","-0.01%"
"09/21/2020","34,005.25","34,005.30","34,005.30","34,005.30","","-0.04%"
"09/18/2020","34,018.00","34,018.00","34,018.00","34,018.00","","-0.01%"
"09/17/2020","34,022.25","34,022.30","34,022.30","34,022.30","","-0.01%"
"09/16/2020","34,026.50","34,026.50","34,026.50","34,026.50","","2.97%"
"09/15/2020","33,045.75","33,045.80","33,045.80","33,045.80","","0.14%"
"09/14/2020","33,000.00","33,000.00","33,000.00","33,000.00","","0.00%"
"09/11/2020","33,001.25","33,001.30","33,001.30","33,001.30","","0.00%"
"09/10/2020","33,002.50","33,002.50","33,002.50","33,002.50","0.00K","-0.01%"
"09/09/2020","33,006.25","33,006.30","33,006.30","33,006.30","","0.04%"
"09/08/2020","32,994.50","32,994.50","32,994.50","32,994.50","","-0.01%"
"09/07/2020","32,999.00","32,999.00","32,999.00","32,999.00","","-0.04%"
"09/04/2020","33,012.00","33,012.00","33,012.00","33,012.00","","-0.01%"
"09/03/2020","33,016.50","33,016.50","33,016.50","33,016.50","","-0.01%"
"09/02/2020","33,020.50","33,020.50","33,020.50","33,020.50","","-0.01%"
"09/01/2020","33,025.00","33,025.00","33,025.00","33,025.00","","-0.05%"
"08/28/2020","33,042.50","33,042.50","33,042.50","33,042.50","","0.00%"
"08/27/2020","33,042.50","33,042.50","33,042.50","33,042.50","","0.00%"
"08/26/2020","33,042.50","33,042.50","33,042.50","33,042.50","","-0.03%"
"08/25/2020","33,051.50","33,051.50","33,051.50","33,051.50","","-0.01%"
"08/24/2020","33,055.50","33,055.50","33,055.50","33,055.50","","-0.05%"
"08/21/2020","33,072.50","33,072.50","33,072.50","33,072.50","","0.00%"
"08/20/2020","33,072.50","33,072.50","33,072.50","33,072.50","","-0.01%"
"08/19/2020","33,076.50","33,076.50","33,076.50","33,076.50","","-0.01%"
"08/18/2020","33,080.50","33,080.50","33,080.50","33,080.50","","0.10%"
"08/17/2020","33,049.00","33,049.00","33,049.00","33,049.00","","-0.05%"
"08/14/2020","33,066.00","33,066.00","33,066.00","33,066.00","","0.00%"
"08/13/2020","33,066.00","33,066.00","33,066.00","33,066.00","","-0.01%"
"08/12/2020","33,070.50","33,070.50","33,070.50","33,070.50","","0.00%"
"08/11/2020","33,070.50","33,070.50","33,070.50","33,070.50","","-0.03%"
"08/10/2020","33,079.00","33,079.00","33,079.00","33,079.00","0.00K","-0.05%"
"08/07/2020","33,096.00","33,096.00","33,096.00","33,096.00","","0.00%"
"08/06/2020","33,096.00","33,096.00","33,096.00","33,096.00","","-0.01%"
"08/05/2020","33,100.00","33,100.00","33,100.00","33,100.00","","0.30%"
"08/04/2020","33,000.00","33,000.00","33,000.00","33,000.00","","9.27%"
"08/03/2020","30,200.00","30,200.00","30,200.00","30,200.00","","4.14%"
"07/31/2020","29,000.00","29,000.00","29,000.00","29,000.00","0.03K","-0.60%"
"07/30/2020","29,175.00","29,175.00","29,175.00","29,175.00","","0.60%"
"07/29/2020","29,000.00","29,000.00","29,000.00","29,000.00","","2.17%"
"07/28/2020","28,385.00","28,385.00","28,385.00","28,385.00","","-0.01%"
"07/27/2020","28,389.00","28,389.00","28,389.00","28,389.00","","-0.06%"
"07/24/2020","28,406.50","28,406.50","28,406.50","28,406.50","","0.00%"
"07/23/2020","28,406.50","28,406.50","28,406.50","28,406.50","","-0.02%"
"07/22/2020","28,411.00","28,411.00","28,411.00","28,411.00","","-0.01%"
"07/21/2020","28,415.00","28,415.00","28,415.00","28,415.00","","-0.01%"
"07/20/2020","28,418.00","28,418.00","28,418.00","28,418.00","","-0.05%"
"07/17/2020","28,431.00","28,431.00","28,431.00","28,431.00","","0.00%"
"07/16/2020","28,431.00","28,431.00","28,431.00","28,431.00","","-0.01%"
"07/15/2020","28,434.00","28,434.00","28,434.00","28,434.00","","-0.01%"
"07/14/2020","28,437.50","28,437.50","28,437.50","28,437.50","","-0.01%"
"07/13/2020","28,440.50","28,440.50","28,440.50","28,440.50","","-0.04%"
"07/10/2020","28,453.00","28,453.00","28,453.00","28,453.00","","0.00%"
"07/09/2020","28,453.00","28,453.00","28,453.00","28,453.00","0.00K","-0.01%"
"07/08/2020","28,456.00","28,456.00","28,456.00","28,456.00","","-0.01%"
"07/07/2020","28,459.00","28,459.00","28,459.00","28,459.00","","-0.01%"
"07/06/2020","28,462.50","28,462.50","28,462.50","28,462.50","","-0.04%"
"07/03/2020","28,475.00","28,475.00","28,475.00","28,475.00","","0.00%"
"07/02/2020","28,475.00","28,475.00","28,475.00","28,475.00","","-0.01%"
"07/01/2020","28,478.00","28,478.00","28,478.00","28,478.00","","-0.01%"
"06/30/2020","28,481.00","28,481.00","28,481.00","28,481.00","","-0.01%"
"06/29/2020","28,484.00","28,484.00","28,484.00","28,484.00","0.01K","-0.05%"
"06/26/2020","28,497.00","28,497.00","28,497.00","28,497.00","","0.00%"
"06/25/2020","28,497.00","28,497.00","28,497.00","28,497.00","","-0.01%"
"06/24/2020","28,500.00","28,500.00","28,500.00","28,500.00","","-1.16%"
"06/23/2020","28,834.00","28,834.00","28,834.00","28,834.00","","-0.01%"
"06/22/2020","28,837.50","28,837.50","28,837.50","28,837.50","","-0.04%"
"06/19/2020","28,850.00","28,850.00","28,850.00","28,850.00","","0.00%"
"06/18/2020","28,850.00","28,850.00","28,850.00","28,850.00","","0.35%"
"06/17/2020","28,750.00","28,750.00","28,750.00","28,750.00","","-0.86%"
"06/16/2020","29,000.00","29,000.00","29,000.00","29,000.00","","0.00%"
"06/15/2020","29,000.00","29,000.00","29,000.00","29,000.00","","0.00%"
"06/12/2020","29,000.00","29,000.00","29,000.00","29,000.00","","-1.96%"
"06/11/2020","29,578.80","29,578.80","29,578.80","29,578.80","","-0.02%"
"06/10/2020","29,584.00","29,584.00","29,584.00","29,584.00","","-0.02%"
"06/09/2020","29,589.00","29,589.00","29,589.00","29,589.00","","-0.02%"
"06/08/2020","29,594.30","29,594.30","29,594.30","29,594.30","","-0.07%"
"06/05/2020","29,615.30","29,615.30","29,615.30","29,615.30","","0.00%"
"06/04/2020","29,615.30","29,615.30","29,615.30","29,615.30","","-0.02%"
"06/03/2020","29,620.50","29,620.50","29,620.50","29,620.50","0.00K","-0.02%"
"06/02/2020","29,625.80","29,625.80","29,625.80","29,625.80","","-0.02%"
"06/01/2020","29,631.00","29,631.00","29,631.00","29,631.00","","-0.07%"
"05/29/2020","29,652.00","29,652.00","29,652.00","29,652.00","","0.00%"
"05/28/2020","29,652.00","29,652.00","29,652.00","29,652.00","","-0.02%"
"05/27/2020","29,657.00","29,657.00","29,657.00","29,657.00","","-0.02%"
"05/26/2020","29,663.00","29,663.00","29,663.00","29,663.00","","-0.09%"
"05/22/2020","29,690.00","29,690.00","29,690.00","29,690.00","","0.00%"
"05/21/2020","29,690.00","29,690.00","29,690.00","29,690.00","","-0.02%"
"05/20/2020","29,695.50","29,695.50","29,695.50","29,695.50","","-0.02%"
"05/19/2020","29,701.00","29,701.00","29,701.00","29,701.00","","0.49%"
"05/18/2020","29,555.00","29,555.00","29,555.00","29,555.00","","-0.06%"
"05/15/2020","29,573.00","29,573.00","29,573.00","29,573.00","","0.00%"
"05/14/2020","29,573.00","29,573.00","29,573.00","29,573.00","","-0.01%"
"05/13/2020","29,577.00","29,577.00","29,577.00","29,577.00","","-0.02%"
"05/12/2020","29,581.50","29,581.50","29,581.50","29,581.50","0.01K","-0.02%"
"05/11/2020","29,586.00","29,586.00","29,586.00","29,586.00","","-0.06%"
"05/07/2020","29,603.00","29,603.00","29,603.00","29,603.00","","-0.01%"
"05/06/2020","29,607.00","29,607.00","29,607.00","29,607.00","","-0.02%"
"05/05/2020","29,612.00","29,612.00","29,612.00","29,612.00","","-0.01%"
"05/04/2020","29,616.00","29,616.00","29,616.00","29,616.00","","-0.06%"
"05/01/2020","29,633.00","29,633.00","29,633.00","29,633.00","","-0.01%"
"04/30/2020","29,637.00","29,637.00","29,637.00","29,637.00","","-0.01%"
"04/29/2020","29,641.00","29,641.00","29,641.00","29,641.00","","-0.01%"
"04/28/2020","29,645.00","29,645.00","29,645.00","29,645.00","","-0.01%"
"04/27/2020","29,649.00","29,649.00","29,649.00","29,649.00","","-0.04%"
"04/24/2020","29,662.00","29,662.00","29,662.00","29,662.00","","-0.01%"
"04/23/2020","29,666.00","29,666.00","29,666.00","29,666.00","","-0.01%"
"04/22/2020","29,670.00","29,670.00","29,670.00","29,670.00","","-0.01%"
"04/21/2020","29,674.00","29,674.00","29,674.00","29,674.00","","-0.01%"
"04/20/2020","29,678.00","29,678.00","29,678.00","29,678.00","","-0.05%"
"04/17/2020","29,691.50","29,691.50","29,691.50","29,691.50","","-0.02%"
"04/16/2020","29,696.00","29,696.00","29,696.00","29,696.00","","-0.01%"
"04/15/2020","29,700.00","29,700.00","29,700.00","29,700.00","","-0.02%"
"04/14/2020","29,705.50","29,705.50","29,705.50","29,705.50","","0.42%"
"04/09/2020","29,582.00","29,582.00","29,582.00","29,582.00","","-0.02%"
"04/08/2020","29,587.50","29,587.50","29,587.50","29,587.50","","-0.02%"
"04/07/2020","29,593.00","29,593.00","29,593.00","29,593.00","0.01K","-0.02%"
"04/06/2020","29,598.00","29,598.00","29,598.00","29,598.00","","-0.05%"
"04/03/2020","29,614.00","29,614.00","29,614.00","29,614.00","0.03K","-0.02%"
"04/02/2020","29,619.50","29,619.50","29,619.50","29,619.50","","-0.02%"
"04/01/2020","29,625.00","29,625.00","29,625.00","29,625.00","","-0.02%"
"03/31/2020","29,630.50","29,630.50","29,630.50","29,630.50","","0.00%"
"03/30/2020","29,630.50","29,630.50","29,630.50","29,630.50","","-0.07%"
"03/27/2020","29,652.00","29,652.00","29,652.00","29,652.00","","0.00%"
"03/26/2020","29,652.00","29,652.00","29,652.00","29,652.00","","-0.02%"
"03/25/2020","29,657.50","29,657.50","29,657.50","29,657.50","","-0.02%"
"03/24/2020","29,663.00","29,663.00","29,663.00","29,663.00","","-0.02%"
"03/23/2020","29,668.50","29,668.50","29,668.50","29,668.50","","-0.07%"
"03/20/2020","29,690.00","29,690.00","29,690.00","29,690.00","","0.00%"
"03/19/2020","29,690.00","29,690.00","29,690.00","29,690.00","","-0.02%"
"03/18/2020","29,695.00","29,695.00","29,695.00","29,695.00","","-0.02%"
"03/17/2020","29,700.00","29,700.00","29,700.00","29,700.00","","-6.18%"
"03/16/2020","31,655.00","31,655.00","31,655.00","31,655.00","0.01K","-0.07%"
"03/13/2020","31,676.00","31,676.00","31,676.00","31,676.00","","0.00%"
"03/12/2020","31,676.00","31,676.00","31,676.00","31,676.00","","-4.25%"
"03/11/2020","33,081.00","33,081.00","33,081.00","33,081.00","","-0.02%"
"03/10/2020","33,086.00","33,086.00","33,086.00","33,086.00","","-0.02%"
"03/09/2020","33,091.50","33,091.50","33,091.50","33,091.50","","-0.06%"
"03/06/2020","33,113.00","33,113.00","33,113.00","33,113.00","","0.00%"
"03/05/2020","33,113.00","33,113.00","33,113.00","33,113.00","0.01K","-0.02%"
"03/04/2020","33,118.50","33,118.50","33,118.50","33,118.50","","-0.02%"
"03/03/2020","33,124.00","33,124.00","33,124.00","33,124.00","","-0.02%"
"03/02/2020","33,129.50","33,129.50","33,129.50","33,129.50","","-0.08%"
"02/28/2020","33,156.50","33,156.50","33,156.50","33,156.50","","-0.02%"
"02/27/2020","33,162.00","33,162.00","33,162.00","33,162.00","","-0.02%"
"02/26/2020","33,167.50","33,167.50","33,167.50","33,167.50","","-0.75%"
"02/25/2020","33,417.50","33,417.50","33,417.50","33,417.50","","0.00%"
"02/24/2020","33,417.50","33,417.50","33,417.50","33,417.50","","-0.08%"
"02/21/2020","33,444.50","33,444.50","33,444.50","33,444.50","","-0.01%"
"02/20/2020","33,449.50","33,449.50","33,449.50","33,449.50","","-0.01%"
"02/19/2020","33,454.00","33,454.00","33,454.00","33,454.00","","-0.01%"
"02/18/2020","33,458.50","33,458.50","33,458.50","33,458.50","","0.45%"
"02/17/2020","33,308.50","33,308.50","33,308.50","33,308.50","","-0.05%"
"02/14/2020","33,326.50","33,326.50","33,326.50","33,326.50","","-0.02%"
"02/13/2020","33,331.50","33,331.50","33,331.50","33,331.50","","-0.01%"
"02/12/2020","33,335.50","33,335.50","33,335.50","33,335.50","","-1.49%"
"02/11/2020","33,839.50","33,839.50","33,839.50","33,839.50","","0.00%"
"02/10/2020","33,839.50","33,839.50","33,839.50","33,839.50","0.01K","-0.79%"
"02/07/2020","34,107.50","34,107.50","34,107.50","34,107.50","","-0.01%"
"02/06/2020","34,111.50","34,111.50","34,111.50","34,111.50","","-0.01%"
"02/05/2020","34,115.50","34,115.50","34,115.50","34,115.50","","0.00%"
"02/04/2020","34,115.50","34,115.50","34,115.50","34,115.50","","-1.44%"
"02/03/2020","34,615.50","34,615.50","34,615.50","34,615.50","","-0.06%"
"01/31/2020","34,637.50","34,637.50","34,637.50","34,637.50","","6.13%"
"01/30/2020","32,637.50","32,637.50","32,637.50","32,637.50","","-0.01%"
"01/29/2020","32,641.50","32,641.50","32,641.50","32,641.50","","-0.01%"
"01/28/2020","32,645.50","32,645.50","32,645.50","32,645.50","","1.54%"
"01/27/2020","32,149.50","32,149.50","32,149.50","32,149.50","","-0.04%"
"01/24/2020","32,162.50","32,162.50","32,162.50","32,162.50","","-0.01%"
"01/23/2020","32,166.50","32,166.50","32,166.50","32,166.50","","-0.01%"
"01/22/2020","32,170.50","32,170.50","32,170.50","32,170.50","","0.77%"
"01/21/2020","31,924.50","31,924.50","31,924.50","31,924.50","","-0.01%"
"01/20/2020","31,928.50","31,928.50","31,928.50","31,928.50","","-0.04%"
"01/17/2020","31,941.50","31,941.50","31,941.50","31,941.50","","-1.55%"
"01/16/2020","32,445.50","32,445.50","32,445.50","32,445.50","","-0.01%"
"01/15/2020","32,449.50","32,449.50","32,449.50","32,449.50","","-0.02%"
"01/14/2020","32,455.00","32,455.00","32,455.00","32,455.00","","0.51%"
"01/13/2020","32,291.00","32,291.00","32,291.00","32,291.00","","-0.08%"
"01/10/2020","32,318.00","32,318.00","32,318.00","32,318.00","","-0.77%"
"01/09/2020","32,568.00","32,568.00","32,568.00","32,568.00","0.05K","3.97%"
"01/08/2020","31,323.00","31,323.00","31,323.00","31,323.00","","-0.81%"
"01/07/2020","31,578.50","31,578.50","31,578.50","31,578.50","","-0.80%"
"01/06/2020","31,834.00","31,834.00","31,834.00","31,834.00","","-0.05%"
"01/03/2020","31,850.00","31,850.00","31,850.00","31,850.00","","-1.56%"
"01/02/2020","32,355.00","32,355.00","32,355.00","32,355.00","","-0.03%"
"12/31/2019","32,366.00","32,366.00","32,366.00","32,366.00","","-0.02%"
"12/30/2019","32,372.00","32,372.00","32,372.00","32,372.00","","-0.05%"
"12/27/2019","32,388.00","32,388.00","32,388.00","32,388.00","","-0.05%"
"12/24/2019","32,404.00","32,404.00","32,404.00","32,404.00","","-0.02%"
"12/23/2019","32,409.50","32,409.50","32,409.50","32,409.50","","-0.05%"
"12/20/2019","32,425.50","32,425.50","32,425.50","32,425.50","","-0.02%"
"12/19/2019","32,431.00","32,431.00","32,431.00","32,431.00","","-0.02%"
"12/18/2019","32,436.00","32,436.00","32,436.00","32,436.00","","-0.02%"
"12/17/2019","32,441.00","32,441.00","32,441.00","32,441.00","","-5.40%"
"12/16/2019","34,292.00","34,292.00","34,292.00","34,292.00","0.00K","-0.05%"
"12/13/2019","34,308.00","34,308.00","34,308.00","34,308.00","","-0.02%"
"12/12/2019","34,314.00","34,314.00","34,314.00","34,314.00","0.05K","-0.02%"
"12/11/2019","34,319.50","34,319.50","34,319.50","34,319.50","0.00K","-0.02%"
"12/10/2019","34,325.00","34,325.00","34,325.00","34,325.00","","-0.02%"
"12/09/2019","34,330.50","34,330.50","34,330.50","34,330.50","","-0.05%"
"12/06/2019","34,347.00","34,347.00","34,347.00","34,347.00","","-0.01%"
"12/05/2019","34,352.00","34,352.00","34,352.00","34,352.00","","-2.84%"
"12/04/2019","35,357.50","35,357.50","35,357.50","35,357.50","0.00K","-0.02%"
"12/03/2019","35,363.00","35,363.00","35,363.00","35,363.00","","-0.01%"
"12/02/2019","35,368.00","35,368.00","35,368.00","35,368.00","","-0.05%"
"11/29/2019","35,384.00","35,384.00","35,384.00","35,384.00","","-0.70%"
"11/28/2019","35,634.00","35,634.00","35,634.00","35,634.00","","-0.01%"
"11/27/2019","35,639.00","35,639.00","35,639.00","35,639.00","","-0.01%"
"11/26/2019","35,644.00","35,644.00","35,644.00","35,644.00","","-0.01%"
"11/25/2019","35,649.00","35,649.00","35,649.00","35,649.00","","-0.06%"
"11/22/2019","35,670.00","35,670.00","35,670.00","35,670.00","","0.00%"
"11/21/2019","35,670.00","35,670.00","35,670.00","35,670.00","","-0.02%"
"11/20/2019","35,675.50","35,675.50","35,675.50","35,675.50","","-0.02%"
"11/19/2019","35,681.00","35,681.00","35,681.00","35,681.00","","0.45%"
"11/18/2019","35,520.50","35,520.50","35,520.50","35,520.50","","-0.05%"
"11/15/2019","35,538.00","35,538.00","35,538.00","35,538.00","","0.00%"
"11/14/2019","35,538.00","35,538.00","35,538.00","35,538.00","","-0.01%"
"11/13/2019","35,542.00","35,542.00","35,542.00","35,542.00","0.01K","-0.01%"
"11/12/2019","35,546.00","35,546.00","35,546.00","35,546.00","","-0.01%"
"11/11/2019","35,550.00","35,550.00","35,550.00","35,550.00","","-0.05%"
"11/08/2019","35,567.00","35,567.00","35,567.00","35,567.00","","0.00%"
"11/07/2019","35,567.50","35,567.50","35,567.50","35,567.50","","-0.01%"
"11/06/2019","35,572.00","35,572.00","35,572.00","35,572.00","","-0.01%"
"11/05/2019","35,576.00","35,576.00","35,576.00","35,576.00","","-0.01%"
"11/04/2019","35,580.00","35,580.00","35,580.00","35,580.00","","-0.05%"
"11/01/2019","35,598.00","35,598.00","35,598.00","35,598.00","","0.00%"
"10/31/2019","35,598.00","35,598.00","35,598.00","35,598.00","","-0.01%"
"10/30/2019","35,603.00","35,603.00","35,603.00","35,603.00","","-0.01%"
"10/29/2019","35,607.50","35,607.50","35,607.50","35,607.50","","-0.01%"
"10/28/2019","35,612.00","35,612.00","35,612.00","35,612.00","","-0.05%"
"10/25/2019","35,630.00","35,630.00","35,630.00","35,630.00","","-0.04%"
"10/24/2019","35,646.00","35,646.00","35,646.00","35,646.00","","-0.01%"
"10/23/2019","35,650.00","35,650.00","35,650.00","35,650.00","","-0.01%"
"10/22/2019","35,654.00","35,654.00","35,654.00","35,654.00","","-0.01%"
"10/21/2019","35,658.00","35,658.00","35,658.00","35,658.00","","-0.05%"
"10/18/2019","35,675.00","35,675.00","35,675.00","35,675.00","","0.00%"
"10/17/2019","35,675.00","35,675.00","35,675.00","35,675.00","","-0.01%"
"10/16/2019","35,679.00","35,679.00","35,679.00","35,679.00","","-0.01%"
"10/15/2019","35,683.00","35,683.00","35,683.00","35,683.00","","0.56%"
"10/14/2019","35,483.00","35,483.00","35,483.00","35,483.00","","-0.06%"
"10/11/2019","35,505.00","35,505.00","35,505.00","35,505.00","","0.00%"
"10/10/2019","35,505.00","35,505.00","35,505.00","35,505.00","","2.14%"
"10/09/2019","34,760.00","34,760.00","34,760.00","34,760.00","0.09K","2.19%"
"10/08/2019","34,015.00","34,015.00","34,015.00","34,015.00","","-0.02%"
"10/07/2019","34,020.50","34,020.50","34,020.50","34,020.50","0.01K","-0.06%"
"10/04/2019","34,042.00","34,042.00","34,042.00","34,042.00","","-4.19%"
"10/03/2019","35,531.00","35,531.00","35,531.00","35,531.00","","-0.01%"
"10/02/2019","35,536.00","35,536.00","35,536.00","35,536.00","","0.00%"
"10/01/2019","35,536.00","35,536.00","35,536.00","35,536.00","","-0.05%"
"09/30/2019","35,552.00","35,552.00","35,552.00","35,552.00","","-2.78%"
"09/27/2019","36,568.00","36,568.00","36,568.00","36,568.00","0.06K","-1.35%"
"09/26/2019","37,068.00","37,068.00","37,068.00","37,068.00","0.16K","-0.04%"
"09/25/2019","37,084.00","37,084.00","37,084.00","37,084.00","","0.00%"
"09/24/2019","37,084.50","37,084.50","37,084.50","37,084.50","","-0.01%"
"09/23/2019","37,090.00","37,090.00","37,090.00","37,090.00","","1.32%"
"09/20/2019","36,606.00","36,606.00","36,606.00","36,606.00","","-0.02%"
"09/19/2019","36,611.50","36,611.50","36,611.50","36,611.50","","1.37%"
"09/18/2019","36,117.00","36,117.00","36,117.00","36,117.00","","-0.02%"
"09/17/2019","36,122.50","36,122.50","36,122.50","36,122.50","","0.43%"
"09/16/2019","35,968.00","35,968.00","35,968.00","35,968.00","0.00K","-0.04%"
"09/13/2019","35,984.00","35,984.00","35,984.00","35,984.00","0.34K","-0.01%"
"09/12/2019","35,989.00","35,989.00","35,989.00","35,989.00","","-0.02%"
"09/11/2019","35,994.50","35,994.50","35,994.50","35,994.50","","2.84%"
"09/10/2019","35,000.00","35,000.00","35,000.00","35,000.00","","-0.15%"
"09/09/2019","35,051.00","35,051.00","35,051.00","35,051.00","","-0.05%"
"09/06/2019","35,067.00","35,067.00","35,067.00","35,067.00","","-0.01%"
"09/05/2019","35,072.00","35,072.00","35,072.00","35,072.00","","1.43%"
"09/04/2019","34,578.00","34,578.00","34,578.00","34,578.00","0.01K","2.96%"
"09/03/2019","33,584.00","33,584.00","33,584.00","33,584.00","","-0.02%"
"09/02/2019","33,590.00","33,590.00","33,590.00","33,590.00","","4.20%"
"08/30/2019","32,235.00","32,235.00","32,235.00","32,235.00","","0.00%"
"08/29/2019","32,235.00","32,235.00","32,235.00","32,235.00","","0.00%"
"08/28/2019","32,235.00","32,235.00","32,235.00","32,235.00","","-0.03%"
"08/27/2019","32,246.00","32,246.00","32,246.00","32,246.00","","-0.08%"
"08/23/2019","32,273.00","32,273.00","32,273.00","32,273.00","","0.00%"
"08/22/2019","32,273.00","32,273.00","32,273.00","32,273.00","0.00K","-0.02%"
"08/21/2019","32,278.00","32,278.00","32,278.00","32,278.00","","-0.02%"
"08/20/2019","32,283.00","32,283.00","32,283.00","32,283.00","","0.52%"
"08/19/2019","32,117.50","32,117.50","32,117.50","32,117.50","0.02K","-0.06%"
"08/16/2019","32,135.50","32,135.50","32,135.50","32,135.50","","0.00%"
"08/15/2019","32,135.50","32,135.50","32,135.50","32,135.50","0.01K","6.98%"
"08/14/2019","30,040.00","30,040.00","30,040.00","30,040.00","0.31K","-0.01%"
"08/13/2019","30,044.00","30,044.00","30,044.00","30,044.00","","-3.23%"
"08/12/2019","31,048.00","31,048.00","31,048.00","31,048.00","","10.63%"
"08/09/2019","28,065.50","28,065.50","28,065.50","28,065.50","","0.00%"
"08/08/2019","28,065.50","28,065.50","28,065.50","28,065.50","","0.70%"
"08/07/2019","27,870.00","27,870.00","27,870.00","27,870.00","","-0.02%"
"08/06/2019","27,875.00","27,875.00","27,875.00","27,875.00","","8.70%"
"08/05/2019","25,644.50","25,644.50","25,644.50","25,644.50","","-0.07%"
"08/02/2019","25,662.00","25,662.00","25,662.00","25,662.00","","0.00%"
"08/01/2019","25,662.00","25,662.00","25,662.00","25,662.00","","-0.02%"
"07/31/2019","25,666.00","25,666.00","25,666.00","25,666.00","","-0.02%"
"07/30/2019","25,670.00","25,670.00","25,670.00","25,670.00","","-0.02%"
"07/29/2019","25,674.00","25,674.00","25,674.00","25,674.00","","-0.07%"
"07/26/2019","25,691.00","25,691.00","25,691.00","25,691.00","","-7.22%"
"07/25/2019","27,691.00","27,691.00","27,691.00","27,691.00","0.05K","-0.01%"
"07/24/2019","27,695.00","27,695.00","27,695.00","27,695.00","","-0.01%"
"07/23/2019","27,699.00","27,699.00","27,699.00","27,699.00","","-0.01%"
"07/22/2019","27,703.00","27,703.00","27,703.00","27,703.00","","-0.06%"
"07/19/2019","27,721.00","27,721.00","27,721.00","27,721.00","","0.00%"
"07/18/2019","27,721.00","27,721.00","27,721.00","27,721.00","","-0.01%"
"07/17/2019","27,725.00","27,725.00","27,725.00","27,725.00","0.06K","-0.01%"
"07/16/2019","27,729.00","27,729.00","27,729.00","27,729.00","","0.53%"
"07/15/2019","27,584.00","27,584.00","27,584.00","27,584.00","0.01K","3.49%"
"07/12/2019","26,654.00","26,654.00","26,654.00","26,654.00","0.02K","-0.02%"
"07/11/2019","26,658.00","26,658.00","26,658.00","26,658.00","0.01K","-0.03%"
"07/10/2019","26,665.00","26,665.00","26,665.00","26,665.00","","0.00%"
"07/09/2019","26,664.00","26,664.00","26,664.00","26,664.00","0.31K","-6.83%"
"07/08/2019","28,620.00","28,620.00","28,620.00","28,620.00","","-0.02%"
"07/05/2019","28,625.00","28,625.00","28,625.00","28,625.00","","-0.02%"
"07/04/2019","28,630.00","28,630.00","28,630.00","28,630.00","","-0.03%"
"07/03/2019","28,640.00","28,640.00","28,640.00","28,640.00","","0.00%"
"07/02/2019","28,640.00","28,640.00","28,640.00","28,640.00","","-0.02%"
"07/01/2019","28,645.00","28,645.00","28,645.00","28,645.00","","-0.02%"
"06/28/2019","28,650.00","28,650.00","28,650.00","28,650.00","","-0.42%"
"06/27/2019","28,770.00","28,770.00","28,770.00","28,770.00","","3.17%"
"06/26/2019","27,885.00","27,885.00","27,885.00","27,885.00","","-0.41%"
"06/25/2019","28,000.00","28,000.00","28,000.00","28,000.00","","0.00%"
"06/24/2019","28,000.00","28,000.00","28,000.00","28,000.00","","0.00%"
"06/21/2019","28,000.00","28,000.00","28,000.00","28,000.00","","0.00%"
"06/20/2019","28,000.00","28,000.00","28,000.00","28,000.00","","0.00%"
"06/17/2019","28,000.00","28,000.00","28,000.00","28,000.00","0.02K","0.00%"
"06/14/2019","28,000.00","28,000.00","28,000.00","28,000.00","0.00K","0.00%"
"06/13/2019","28,000.00","28,000.00","28,000.00","28,000.00","","0.00%"
"06/12/2019","28,000.00","28,000.00","28,000.00","28,000.00","0.33K","0.00%"
"06/11/2019","28,000.00","28,000.00","28,000.00","28,000.00","","0.00%"
"06/10/2019","28,000.00","28,000.00","28,000.00","28,000.00","","0.00%"
"06/07/2019","28,000.00","28,000.00","28,000.00","28,000.00","","-9.68%"
"06/06/2019","31,000.00","31,000.00","31,000.00","31,000.00","","-3.13%"
"06/05/2019","32,000.00","32,000.00","32,000.00","32,000.00","0.00K","0.00%"
"06/04/2019","32,000.00","32,000.00","32,000.00","32,000.00","","0.00%"
"06/03/2019","32,000.00","32,000.00","32,000.00","32,000.00","","0.00%"
"05/31/2019","32,000.00","32,000.00","32,000.00","32,000.00","","-4.48%"
"05/30/2019","33,500.00","33,500.00","33,500.00","33,500.00","","0.00%"
"05/29/2019","33,500.00","33,500.00","33,500.00","33,500.00","","0.00%"
"05/28/2019","33,500.00","33,500.00","33,500.00","33,500.00","","0.00%"
"05/24/2019","33,500.00","33,500.00","33,500.00","33,500.00","","-2.19%"
"05/23/2019","34,250.00","34,250.00","34,250.00","34,250.00","","0.00%"
"05/22/2019","34,250.00","34,250.00","34,250.00","34,250.00","","-0.72%"
"05/21/2019","34,500.00","34,500.00","34,500.00","34,500.00","","0.00%"
"05/20/2019","34,500.00","34,500.00","34,500.00","34,500.00","","0.00%"
"05/17/2019","34,500.00","34,500.00","34,500.00","34,500.00","","0.00%"
"05/16/2019","34,500.00","34,500.00","34,500.00","34,500.00","","0.00%"
"05/13/2019","34,500.00","34,500.00","34,500.00","34,500.00","","0.00%"
"05/10/2019","34,500.00","34,500.00","34,500.00","34,500.00","0.03K","0.00%"
"05/09/2019","34,500.00","34,500.00","34,500.00","34,500.00","0.05K","0.00%"
"05/08/2019","34,500.00","34,500.00","34,500.00","34,500.00","0.31K","0.00%"
"05/07/2019","34,500.00","34,500.00","34,500.00","34,500.00","0.16K","0.00%"
"05/03/2019","34,500.00","34,500.00","34,500.00","34,500.00","","0.00%"
"05/02/2019","34,500.00","34,500.00","34,500.00","34,500.00","","0.00%"
"05/01/2019","34,500.00","34,500.00","34,500.00","34,500.00","","0.00%"