gid,share_bin
79600,0
79601,0
80317,0
80318,0
80319,0
80320,0
80321,0
80322,0
80323,0
80324,0
80325,0
80327,0
80329,0
80330,0
81037,0
81038,0
81039,0
81040,0
81041,0
81042,0
81043,0
81044,0
81045,0
81046,0
81047,0
81048,0
81049,0
81050,0
81051,0
81052,0
81053,0
81054,0
81757,0
81758,0
81759,0
81760,0
81761,0
81762,0
81763,0
81764,0
81765,0
81766,0
81767,0
81773,0
81774,0
81775,0
81776,0
82476,0
82477,0
82478,0
82479,0
82480,0
82481,0
82482,0
82483,0
82484,0
82485,0
82486,0
82487,0
82493,0
82494,0
82495,0
82496,0
82497,0
83197,0
83198,0
83199,0
83200,0
83201,0
83202,0
83203,0
83204,0
83205,0
83206,0
83207,0
83213,0
83214,0
83215,0
83216,0
83217,0
83218,0
83917,0
83918,0
83919,0
83920,0
83921,0
83922,0
83923,0
83924,0
83925,0
83926,0
83927,0
83933,2
83934,2
83935,0
83936,0
83937,0
83938,0
83939,0
84638,0
84639,0
84640,0
84641,0
84642,0
84643,0
84644,0
84645,0
84646,0
84647,0
84653,2
84654,2
84655,0
84656,0
84657,0
84658,0
84659,0
84660,0
85358,3
85359,0
85360,0
85361,0
85362,0
85363,0
85364,0
85365,0
85366,0
85367,0
85368,0
85370,2
85373,2
85374,2
85377,0
85378,0
85379,0
86078,1
86079,1
86080,1
86081,0
86082,0
86083,0
86084,0
86097,0
86098,0
86099,0
86798,1
86799,1
86800,1
86801,0
86802,0
86803,0
86804,0
87518,2
87519,1
87520,1
87521,0
87522,0
87523,0
87524,4
87525,4
87533,2
87536,2
88237,0
88238,1
88239,1
88240,1
88241,0
88242,0
88243,0
88244,4
88245,4
88246,4
88253,2
88254,2
88255,2
88256,2
88957,1
88958,1
88959,1
88960,1
88961,0
88962,0
88963,0
88964,4
88965,4
88972,2
88973,2
88975,2
88976,2
89677,0
89678,0
89679,0
89680,0
89681,0
89682,0
89683,0
89684,4
89685,4
89686,4
89687,4
89692,2
89693,2
89695,2
89696,2
90397,0
90398,0
90399,0
90400,0
90401,0
90402,0
90403,0
90404,4
90405,4
90406,4
90407,4
90408,4
90412,2
90413,2
90414,2
90416,2
91114,1
91115,1
91116,1
91117,0
91118,0
91119,0
91120,0
91121,0
91122,0
91123,0
91124,4
91125,4
91126,4
91127,4
91128,4
91129,2
91130,2
91131,2
91132,2
91133,2
91134,2
91135,2
91145,0
91834,0
91835,0
91836,0
91837,0
91838,0
91839,0
91840,0
91841,0
91842,0
91843,0
91844,0
91845,0
91846,2
91847,2
91848,2
91849,2
91850,2
91851,2
91852,2
91853,2
91854,2
91855,2
91856,2
91865,2
92554,0
92555,0
92556,0
92557,0
92558,0
92559,0
92560,0
92561,0
92562,0
92563,0
92564,0
92565,0
92566,2
92567,2
92572,2
92573,2
92574,2
92584,2
92585,2
92586,2
92611,0
93270,0
93271,0
93272,0
93273,0
93274,0
93275,0
93276,0
93277,0
93278,0
93279,0
93280,0
93281,0
93282,0
93283,0
93284,0
93285,0
93286,2
93287,2
93293,2
93294,2
93296,2
93303,2
93304,2
93305,2
93306,2
93307,0
93308,0
93329,0
93330,0
93331,0
93332,0
93333,0
93334,0
93990,0
93991,0
93992,0
93993,0
93994,0
93995,0
93996,0
93997,0
93998,0
93999,0
94000,0
94001,0
94002,0
94003,0
94004,0
94005,0
94006,0
94007,0
94013,2
94014,2
94016,2
94019,2
94022,2
94023,2
94024,2
94025,2
94026,2
94027,0
94028,0
94029,0
94030,0
94048,0
94049,0
94050,0
94051,0
94052,0
94053,0
94054,0
94055,0
94710,0
94711,0
94712,0
94713,0
94714,0
94715,0
94716,0
94717,0
94718,0
94719,0
94720,0
94721,0
94722,0
94723,0
94724,0
94725,0
94726,0
94727,0
94733,2
94734,2
94735,2
94736,2
94738,2
94740,2
94741,2
94742,2
94743,4
94744,2
94745,3
94746,2
94747,0
94748,0
94749,0
94750,0
94751,0
94768,0
94769,0
94770,0
94771,0
94772,0
94773,0
94774,0
94775,0
95430,0
95431,0
95432,3
95433,3
95434,3
95435,3
95436,3
95437,0
95438,0
95439,0
95440,0
95441,0
95442,0
95443,0
95444,0
95445,0
95446,0
95447,0
95453,2
95454,2
95455,2
95457,2
95458,2
95459,2
95460,2
95461,2
95463,3
95464,2
95465,3
95466,2
95467,0
95468,0
95469,0
95470,0
95471,0
95488,0
95489,0
95490,0
95491,0
95492,0
95493,0
95494,0
95495,0
95496,0
96150,0
96151,0
96152,3
96153,3
96154,3
96155,3
96156,3
96157,0
96158,0
96159,0
96160,0
96161,0
96162,0
96163,0
96164,0
96165,0
96166,0
96167,0
96168,0
96169,0
96170,0
96171,0
96172,0
96176,2
96178,2
96179,2
96180,2
96181,2
96182,2
96183,2
96185,3
96186,0
96187,0
96188,0
96189,0
96190,0
96191,0
96208,0
96209,0
96210,0
96211,0
96212,0
96213,0
96214,0
96215,0
96216,0
96870,2
96871,2
96872,2
96873,2
96874,2
96875,3
96876,3
96877,0
96878,0
96879,0
96880,0
96881,0
96882,0
96883,0
96884,0
96885,0
96886,0
96887,0
96888,0
96905,3
96906,0
96907,0
96908,0
96909,0
96910,0
96911,0
96927,0
96928,0
96929,0
96930,0
96931,0
96932,0
96933,0
96934,0
96935,0
96936,0
97589,3
97590,0
97591,0
97592,0
97593,2
97594,2
97596,3
97597,0
97598,0
97599,0
97600,0
97601,0
97602,0
97603,0
97604,0
97605,0
97606,0
97607,0
97608,0
97614,3
97615,3
97616,3
97617,3
97625,0
97626,0
97627,0
97628,0
97629,0
97630,0
97631,0
97647,0
97648,0
97649,0
97650,0
97651,0
97652,0
97653,0
97654,0
97655,0
97656,0
98309,3
98310,0
98311,0
98312,2
98313,2
98314,2
98315,3
98316,3
98317,0
98318,0
98319,0
98320,0
98321,0
98322,0
98323,0
98324,0
98325,0
98326,0
98327,0
98328,0
98334,3
98335,3
98336,2
98337,2
98338,1
98339,1
98340,1
98341,1
98342,1
98343,1
98345,2
98346,0
98347,0
98348,0
98349,0
98350,0
98351,0
98367,0
98368,0
98369,0
98370,0
98371,0
98372,0
98373,0
98374,0
98375,0
98376,0
98377,0
99028,3
99029,3
99030,3
99031,0
99032,0
99033,2
99034,2
99035,0
99036,0
99037,0
99038,0
99039,0
99040,0
99041,0
99042,0
99043,0
99044,0
99045,0
99046,0
99047,0
99048,0
99054,3
99055,3
99056,3
99057,1
99058,1
99059,1
99060,1
99061,1
99062,1
99063,1
99064,1
99065,1
99066,0
99067,0
99068,0
99069,0
99070,0
99071,0
99088,0
99089,0
99090,0
99091,0
99092,0
99093,0
99094,0
99095,0
99096,0
99097,0
99747,0
99748,3
99749,3
99750,0
99751,0
99752,0
99753,2
99754,2
99755,3
99756,3
99757,3
99758,3
99759,0
99760,0
99761,0
99762,0
99763,0
99764,0
99765,0
99766,0
99767,0
99768,0
99774,4
99775,3
99776,1
99777,1
99778,2
99779,1
99780,1
99781,2
99782,1
99783,2
99784,1
99785,1
99786,0
99787,0
99788,0
99789,0
99790,0
99809,0
99810,0
99811,0
99812,0
99813,0
99814,0
99815,0
99816,0
99817,0
100467,0
100468,3
100469,3
100470,3
100471,3
100472,3
100473,0
100474,3
100475,3
100476,3
100477,3
100478,3
100479,0
100480,0
100481,0
100482,0
100483,0
100484,0
100485,0
100486,0
100487,0
100488,0
100494,0
100495,1
100496,1
100497,1
100498,2
100499,1
100501,2
100502,1
100503,1
100504,1
100505,0
100506,1
100507,0
100508,0
100509,0
100510,0
100529,0
100530,0
100531,0
100532,0
100533,0
100534,0
100535,0
100536,0
100537,0
100538,0
100555,0
100556,0
101186,0
101187,0
101188,0
101189,0
101190,0
101191,0
101192,0
101193,0
101194,3
101195,3
101196,4
101197,3
101198,3
101199,0
101200,0
101201,0
101202,0
101203,0
101204,0
101205,0
101206,0
101207,0
101208,0
101209,0
101210,0
101211,0
101212,4
101213,4
101214,1
101215,1
101216,1
101217,1
101218,2
101219,2
101220,1
101221,1
101222,1
101223,1
101224,1
101225,1
101226,0
101227,2
101228,2
101229,0
101230,0
101231,0
101249,0
101250,0
101251,0
101252,0
101253,0
101254,0
101255,0
101256,0
101257,0
101258,0
101906,0
101907,0
101908,0
101909,0
101910,0
101911,0
101912,0
101913,0
101914,3
101915,3
101916,4
101917,3
101918,3
101919,0
101920,0
101921,0
101922,0
101923,0
101924,0
101925,0
101926,0
101927,0
101928,0
101929,0
101930,0
101936,1
101937,1
101938,1
101939,1
101940,1
101941,1
101942,1
101943,1
101944,3
101945,0
101946,0
101947,2
101948,2
101949,0
101950,0
101951,0
101952,0
101969,0
101970,0
101971,0
101972,0
101973,0
101974,0
101975,0
101976,0
101977,0
101978,0
102625,0
102626,0
102627,0
102628,0
102629,0
102630,0
102631,0
102632,0
102633,0
102634,3
102635,3
102636,3
102637,3
102638,3
102639,0
102640,0
102641,0
102642,0
102643,0
102644,0
102645,0
102646,0
102647,0
102648,0
102649,0
102650,0
102656,1
102657,1
102658,1
102659,2
102660,2
102661,1
102662,1
102663,1
102664,1
102665,1
102666,2
102667,2
102668,2
102669,0
102670,0
102671,0
102672,0
102673,0
102689,0
102690,0
102691,0
102692,0
102693,0
102694,0
102695,0
102696,0
102698,0
102699,0
103344,0
103345,0
103346,0
103347,0
103348,0
103349,0
103350,0
103351,0
103352,0
103353,0
103354,3
103355,3
103356,3
103357,3
103358,3
103359,0
103360,0
103361,0
103362,0
103363,0
103364,0
103365,0
103366,0
103367,0
103368,0
103369,0
103370,0
103376,0
103377,1
103378,1
103379,1
103380,2
103381,2
103382,1
103383,1
103384,1
103385,1
103386,1
103387,2
103388,2
103389,0
103390,0
103391,0
103392,0
103393,0
103394,0
103409,0
103410,0
103411,0
103412,0
103413,0
103414,0
103415,0
103416,0
103417,0
103418,0
103419,0
104064,0
104065,0
104066,0
104067,0
104068,0
104069,0
104070,0
104071,0
104072,0
104073,0
104074,0
104075,0
104076,0
104077,0
104078,0
104079,0
104080,0
104081,0
104082,0
104083,0
104084,0
104085,0
104086,0
104087,0
104088,0
104089,0
104090,0
104096,1
104097,0
104098,1
104099,1
104100,1
104101,1
104102,1
104103,2
104104,1
104105,1
104106,1
104107,2
104108,2
104109,0
104110,0
104111,0
104112,0
104113,0
104129,0
104130,0
104131,0
104132,0
104133,0
104134,0
104135,0
104136,0
104137,0
104138,0
104139,0
104784,0
104785,0
104786,0
104787,0
104788,0
104789,0
104790,0
104791,0
104792,0
104793,0
104794,0
104795,0
104796,0
104797,0
104798,0
104799,0
104800,0
104801,0
104802,0
104803,0
104804,0
104805,0
104806,0
104807,0
104808,0
104809,0
104810,0
104816,1
104817,1
104818,1
104819,1
104820,1
104821,1
104822,2
104823,2
104824,2
104825,1
104831,0
104832,0
104833,0
104849,0
104850,0
104851,0
104852,0
104853,0
104854,0
104855,0
104856,0
104857,0
104858,0
104859,0
105504,0
105505,0
105506,0
105507,0
105508,0
105509,0
105510,0
105511,0
105512,0
105513,0
105514,0
105515,0
105516,0
105517,0
105518,0
105519,0
105520,0
105521,0
105522,0
105523,0
105524,0
105525,0
105526,0
105527,0
105528,0
105529,0
105530,0
105531,0
105532,0
105533,0
105534,0
105535,4
105536,4
105537,4
105538,1
105539,1
105540,1
105541,1
105542,1
105543,1
105544,1
105545,1
105551,0
105552,0
105553,0
105559,0
105569,0
105570,0
105571,0
105572,0
105573,0
105574,0
105575,0
105576,0
105577,0
105578,0
105579,0
105580,0
106224,0
106225,0
106226,0
106227,0
106228,0
106229,0
106230,0
106231,0
106232,0
106233,0
106234,0
106235,0
106236,0
106237,0
106238,0
106239,0
106240,0
106241,0
106242,0
106243,0
106244,0
106245,0
106246,0
106247,0
106248,0
106249,0
106250,0
106251,0
106252,0
106253,2
106254,2
106255,0
106256,0
106257,0
106258,4
106259,1
106260,1
106261,1
106262,1
106263,1
106264,1
106265,3
106271,0
106272,0
106273,0
106279,0
106280,0
106290,0
106291,0
106292,0
106293,0
106294,0
106295,0
106296,0
106297,0
106298,0
106299,0
106300,0
106944,0
106945,0
106946,0
106947,0
106948,0
106949,0
106950,0
106951,0
106952,0
106953,0
106954,0
106955,0
106956,0
106957,0
106958,0
106959,0
106960,0
106961,0
106962,0
106963,0
106964,0
106965,0
106966,0
106967,0
106968,0
106969,0
106970,0
106971,0
106972,0
106973,2
106974,2
106975,0
106976,0
106977,0
106978,4
106979,4
106980,1
106981,1
106982,2
106983,2
106984,2
106985,3
106991,0
106992,0
106993,0
106999,0
107000,0
107001,0
107012,0
107013,0
107014,0
107015,0
107016,0
107017,0
107018,0
107019,0
107020,0
107021,0
107665,0
107666,0
107667,0
107668,0
107669,0
107670,0
107671,0
107672,0
107673,0
107674,0
107675,0
107676,0
107677,0
107678,0
107679,0
107680,0
107681,0
107682,0
107683,0
107684,0
107685,0
107686,0
107687,0
107688,0
107689,0
107690,0
107691,0
107692,0
107693,2
107694,2
107695,2
107696,2
107697,2
107698,4
107699,4
107700,0
107701,0
107702,0
107703,0
107704,0
107705,0
107711,0
107712,0
107713,0
107714,0
107715,0
107716,0
107717,0
107718,0
107719,0
107720,0
107721,0
107722,0
107734,0
107735,0
107736,0
107737,0
107738,0
107739,0
107740,0
107741,0
108385,0
108386,0
108387,0
108388,0
108389,0
108390,0
108391,0
108392,0
108393,0
108394,0
108395,0
108396,0
108397,0
108398,0
108399,0
108400,0
108401,0
108402,0
108403,0
108404,0
108405,0
108406,0
108407,0
108408,0
108409,0
108410,0
108411,0
108412,0
108413,2
108414,2
108415,2
108416,2
108417,2
108418,4
108419,4
108420,0
108421,0
108422,0
108423,0
108424,0
108425,0
108426,0
108427,0
108428,0
108429,0
108430,0
108431,0
108432,0
108433,0
108434,0
108435,0
108436,0
108437,0
108438,0
108439,0
108440,0
108441,0
108442,0
108455,0
108456,0
108457,0
108458,0
108459,0
108460,0
108461,0
109105,0
109106,0
109107,0
109108,0
109109,0
109110,0
109111,0
109112,0
109113,0
109114,0
109115,0
109116,0
109117,0
109118,0
109119,0
109120,0
109121,0
109122,0
109123,0
109124,0
109125,0
109126,0
109127,0
109128,0
109129,0
109130,0
109131,0
109132,0
109133,2
109134,2
109135,4
109136,4
109137,4
109138,4
109139,4
109140,4
109141,0
109142,0
109143,0
109144,0
109145,0
109146,0
109147,0
109148,0
109149,0
109150,0
109151,0
109152,0
109153,0
109154,0
109155,0
109156,0
109157,0
109158,0
109159,0
109160,0
109161,0
109162,0
109176,0
109177,0
109178,0
109179,0
109180,0
109181,0
109826,0
109827,0
109828,0
109829,0
109830,0
109831,0
109832,0
109833,0
109834,0
109835,0
109836,0
109837,0
109838,0
109839,0
109840,0
109841,0
109842,0
109843,0
109844,0
109845,0
109846,0
109847,0
109848,0
109849,0
109850,0
109851,0
109852,0
109853,0
109854,0
109855,4
109856,4
109857,4
109858,4
109859,4
109860,4
109861,0
109862,0
109863,0
109864,0
109865,0
109866,0
109867,0
109868,0
109869,0
109870,0
109871,0
109872,0
109873,0
109874,0
109875,0
109876,0
109877,0
109878,0
109879,0
109880,0
109881,0
109882,0
109896,0
109897,0
109898,0
109899,0
109900,0
109901,0
110546,0
110547,0
110548,0
110549,0
110550,0
110551,0
110552,0
110553,0
110554,0
110555,0
110556,0
110557,0
110558,0
110559,0
110560,0
110561,0
110562,0
110563,0
110564,0
110565,0
110566,0
110567,0
110568,0
110569,0
110570,0
110571,4
110572,4
110573,4
110574,4
110575,4
110576,4
110577,4
110578,4
110579,4
110580,4
110581,0
110582,0
110583,0
110584,0
110585,0
110586,0
110587,0
110588,0
110589,0
110590,0
110591,0
110592,0
110593,0
110594,0
110595,0
110596,0
110597,0
110598,0
110599,0
110600,0
110601,0
110602,0
110618,0
110619,0
110620,0
111267,0
111268,0
111269,0
111270,0
111271,0
111272,0
111273,0
111274,0
111275,0
111276,0
111277,0
111278,0
111279,0
111280,0
111281,0
111282,0
111283,0
111284,0
111285,0
111286,0
111287,0
111288,0
111289,4
111290,4
111291,4
111292,4
111293,4
111294,4
111295,4
111297,4
111298,4
111299,4
111300,4
111301,0
111302,0
111303,0
111304,0
111305,0
111306,0
111307,0
111308,0
111309,0
111310,0
111311,0
111312,0
111313,0
111314,0
111315,0
111316,0
111317,0
111318,0
111319,0
111320,0
111321,0
111322,0
111338,0
111339,0
111340,0
111988,0
111989,0
111990,0
111991,0
111992,0
111993,0
111994,0
111995,0
111996,0
111997,0
111998,0
111999,0
112000,0
112001,0
112002,0
112003,0
112004,0
112005,0
112006,0
112007,0
112008,0
112009,4
112010,4
112011,4
112012,4
112013,4
112014,4
112015,4
112016,4
112017,4
112018,4
112019,4
112020,4
112021,0
112022,0
112023,0
112024,0
112025,0
112026,0
112027,0
112028,0
112029,0
112030,0
112031,0
112032,0
112033,0
112034,0
112035,0
112036,0
112037,0
112038,0
112039,0
112040,0
112041,0
112049,0
112059,0
112708,0
112709,0
112710,0
112711,0
112712,0
112713,0
112714,0
112715,0
112716,0
112717,0
112718,0
112719,0
112720,0
112721,0
112722,0
112723,0
112724,0
112725,0
112726,0
112727,0
112728,3
112729,4
112730,4
112731,4
112732,4
112733,4
112734,4
112735,4
112736,4
112737,4
112738,4
112739,4
112740,4
112741,0
112742,0
112743,0
112744,0
112745,0
112746,0
112747,0
112748,0
112749,0
112751,0
112752,0
112753,0
112754,0
112755,0
112756,0
112757,0
112758,0
112759,0
112760,0
112761,0
112767,0
113428,0
113429,0
113430,0
113431,0
113432,0
113433,0
113434,0
113435,0
113436,0
113437,0
113438,0
113439,0
113440,0
113441,0
113442,0
113443,0
113444,0
113445,0
113446,0
113447,0
113448,3
113449,4
113450,4
113451,4
113452,4
113453,4
113454,4
113455,4
113456,4
113457,4
113458,4
113459,4
113460,0
113461,0
113462,0
113463,0
113464,0
113465,0
113466,0
113467,0
113468,0
113469,0
113470,0
113471,0
113472,0
113473,0
113474,0
113475,0
113476,0
113477,0
113478,0
113479,0
113480,0
113481,0
114148,0
114149,0
114150,0
114151,0
114152,0
114153,0
114154,0
114155,0
114156,0
114157,0
114158,0
114164,0
114165,0
114166,0
114167,0
114168,4
114169,4
114170,4
114171,4
114172,4
114173,4
114174,4
114175,4
114176,4
114177,4
114178,4
114179,4
114180,0
114181,0
114182,0
114183,0
114184,0
114185,0
114186,0
114187,0
114188,0
114189,0
114190,0
114191,0
114192,0
114193,0
114194,0
114195,0
114196,0
114197,0
114198,0
114199,0
114200,0
114201,0
114868,0
114869,0
114870,0
114871,0
114872,0
114873,0
114874,0
114875,0
114876,0
114877,0
114884,0
114885,0
114886,0
114887,0
114888,4
114889,4
114890,4
114891,4
114892,4
114893,4
114894,4
114895,4
114896,4
114897,4
114898,4
114899,0
114900,0
114901,0
114902,0
114903,0
114904,0
114905,0
114906,0
114907,0
114908,0
114909,0
114910,0
114911,0
114912,0
114913,0
114914,0
114915,0
114916,0
114917,0
114918,0
114919,0
114920,0
114921,0
115587,0
115588,0
115589,0
115590,0
115591,0
115592,0
115593,0
115604,0
115605,0
115606,0
115607,0
115608,4
115609,4
115610,4
115611,4
115612,4
115613,4
115614,4
115615,4
115616,0
115617,0
115618,0
115619,0
115620,0
115621,0
115622,0
115623,0
115624,0
115625,0
115626,0
115627,0
115628,0
115629,0
115630,0
115631,0
115632,0
115633,0
115634,0
115635,0
115636,0
115637,0
115638,0
115639,0
115640,0
116307,0
116308,0
116309,0
116310,0
116311,0
116312,0
116313,0
116326,0
116327,0
116328,0
116329,4
116330,4
116331,4
116332,4
116333,4
116334,0
116335,0
116336,0
116337,0
116338,0
116339,0
116340,0
116341,0
116342,0
116343,0
116344,0
116345,0
116346,0
116347,0
116348,0
116349,0
116350,0
116351,0
116352,0
116353,0
116354,0
116355,0
116356,0
116357,0
116358,0
116359,0
116360,0
117027,0
117028,0
117029,0
117030,0
117031,0
117032,0
117033,0
117046,0
117047,0
117048,0
117049,0
117050,0
117051,0
117052,0
117053,0
117054,0
117055,0
117056,0
117057,0
117058,0
117059,0
117060,0
117061,0
117062,0
117063,0
117064,0
117065,0
117066,0
117067,0
117068,0
117069,0
117070,0
117071,0
117072,0
117073,0
117074,0
117075,0
117076,0
117077,0
117078,0
117079,0
117747,0
117748,0
117749,0
117750,0
117751,0
117752,0
117753,0
117766,0
117767,0
117768,0
117769,0
117770,0
117771,0
117772,0
117773,4
117774,4
117775,4
117776,4
117777,4
117778,0
117779,0
117780,0
117781,0
117783,0
117784,0
117785,0
117786,0
117787,0
117788,0
117789,0
117790,0
117791,0
117792,0
117793,0
117794,0
117795,0
117796,0
117797,0
117798,0
117799,0
118467,0
118468,0
118469,0
118470,0
118471,0
118472,0
118473,0
118479,0
118486,0
118487,0
118488,0
118489,0
118490,0
118491,0
118492,0
118493,4
118494,4
118495,4
118496,4
118497,4
118498,0
118499,0
118500,0
118501,0
118502,0
118503,0
118504,0
118505,0
118506,0
118507,0
118508,0
118509,0
118510,0
118511,0
118512,0
118513,0
118514,0
118515,0
118516,0
118517,0
118518,0
118519,0
118520,0
119186,0
119187,0
119188,0
119189,0
119190,0
119191,0
119192,0
119193,0
119194,0
119195,0
119196,0
119197,0
119198,0
119199,0
119211,0
119212,0
119213,4
119214,4
119215,0
119216,4
119217,4
119218,0
119219,0
119220,0
119221,0
119222,0
119223,0
119224,0
119225,0
119226,0
119227,0
119228,0
119229,0
119230,0
119231,0
119232,0
119233,0
119234,0
119235,0
119236,0
119237,0
119238,0
119239,0
119906,0
119907,0
119908,0
119909,0
119910,0
119911,0
119912,0
119913,0
119914,0
119915,0
119916,0
119917,0
119918,0
119919,0
119920,0
119921,0
119922,0
119923,0
119924,0
119925,0
119931,0
119932,0
119933,4
119934,4
119935,4
119936,4
119937,4
119938,0
119939,0
119940,0
119941,0
119942,0
119943,0
119944,0
119945,0
119946,0
119947,0
119948,0
119949,0
119950,0
119951,0
119952,0
119953,0
119954,0
119955,0
119956,0
119957,0
119958,0
119959,0
120625,0
120626,0
120627,0
120628,0
120629,0
120630,0
120631,0
120632,0
120633,0
120634,0
120635,0
120636,0
120637,0
120638,0
120639,0
120640,0
120641,0
120642,0
120643,0
120644,0
120645,0
120651,0
120652,0
120653,4
120654,4
120655,4
120656,4
120657,4
120658,0
120659,0
120660,0
120661,0
120662,0
120663,0
120664,0
120665,0
120666,0
120667,0
120668,0
120669,0
120670,0
120671,0
120672,0
120673,0
120674,0
120675,0
120676,0
120677,0
120678,0
120679,0
121345,0
121346,0
121347,0
121348,0
121349,0
121350,0
121351,0
121352,0
121353,0
121354,0
121355,0
121356,0
121357,0
121358,0
121359,0
121360,0
121361,0
121362,0
121363,0
121364,0
121365,0
121371,0
121372,0
121373,0
121374,0
121375,0
121376,0
121377,0
121378,0
121379,0
121380,0
121381,0
121382,0
121383,0
121384,0
121385,0
121386,0
121387,0
121388,0
121389,0
121390,0
121391,0
121392,0
121393,0
121394,0
121395,0
121396,0
121397,0
121398,0
121399,0
122065,0
122066,0
122067,0
122068,0
122069,0
122070,0
122071,0
122072,0
122073,0
122074,0
122075,0
122076,0
122077,0
122078,0
122079,0
122080,0
122081,0
122082,0
122083,0
122084,0
122085,0
122091,0
122092,0
122093,0
122094,0
122095,0
122096,0
122097,0
122098,0
122099,0
122100,0
122101,0
122102,0
122103,0
122104,0
122105,2
122106,2
122107,2
122108,2
122109,2
122110,0
122111,0
122112,0
122113,0
122114,0
122115,0
122116,0
122117,0
122118,0
122119,0
122120,0
122784,0
122785,0
122786,0
122787,0
122788,0
122789,0
122790,0
122791,0
122792,0
122793,0
122794,0
122795,0
122796,0
122797,0
122798,0
122799,0
122800,0
122801,0
122802,0
122803,0
122804,0
122805,0
122806,0
122807,0
122808,0
122809,0
122810,0
122811,0
122812,0
122813,0
122814,0
122815,0
122816,0
122817,0
122818,0
122819,0
122820,0
122821,0
122822,0
122823,0
122824,2
122825,2
122826,2
122827,2
122828,2
122831,0
122832,0
122833,0
122834,0
122835,0
122836,0
122837,0
122838,0
122839,0
123503,0
123504,0
123505,0
123506,0
123507,0
123508,0
123509,0
123510,0
123511,0
123512,0
123513,0
123514,0
123515,0
123516,0
123517,0
123518,0
123519,0
123520,0
123521,0
123522,0
123523,0
123524,0
123525,0
123526,0
123527,0
123528,0
123529,0
123530,0
123531,0
123532,0
123533,0
123534,0
123535,0
123536,0
123537,0
123538,0
123539,0
123540,0
123541,0
123542,2
123543,2
123544,2
123545,2
123546,2
123548,2
123551,0
123552,0
123553,0
123554,0
123555,0
123556,0
123557,0
123558,0
123559,0
123560,0
124223,0
124224,0
124225,0
124226,0
124227,0
124228,0
124229,0
124230,0
124231,0
124232,0
124233,0
124234,0
124235,0
124236,0
124237,0
124238,0
124239,0
124240,0
124241,0
124242,0
124243,0
124244,0
124245,0
124246,0
124247,0
124248,0
124249,0
124250,0
124251,0
124252,0
124253,0
124254,0
124255,0
124256,0
124257,0
124258,0
124259,0
124260,0
124261,0
124262,2
124263,2
124264,2
124265,2
124266,2
124267,2
124271,0
124272,0
124273,0
124274,0
124275,0
124276,0
124277,0
124278,0
124279,0
124280,0
124942,0
124943,0
124944,0
124945,0
124946,0
124947,0
124948,0
124949,0
124950,0
124951,0
124952,0
124953,0
124954,0
124955,0
124956,0
124957,0
124958,0
124959,0
124960,0
124961,0
124962,0
124963,0
124964,0
124965,0
124966,0
124967,0
124968,0
124969,0
124970,0
124971,0
124972,0
124973,0
124974,0
124975,0
124976,0
124977,0
124978,0
124979,0
124980,0
124981,0
124982,2
124983,2
124984,2
124985,2
124986,2
124987,2
124988,2
124991,0
124992,0
124993,0
124994,0
124995,0
124996,0
124997,0
124998,0
124999,0
125000,0
125001,0
125661,0
125662,0
125663,0
125664,0
125665,0
125666,0
125667,0
125668,0
125669,0
125670,0
125671,0
125672,0
125673,0
125674,0
125675,0
125676,0
125677,0
125678,0
125679,0
125680,0
125681,0
125682,0
125683,0
125684,0
125685,0
125686,0
125687,0
125688,0
125689,0
125690,0
125691,0
125692,0
125693,0
125694,0
125695,0
125696,0
125697,0
125698,0
125699,0
125700,0
125701,0
125702,2
125703,2
125704,2
125705,2
125706,2
125707,2
125708,2
125711,2
125712,0
125713,0
125714,0
125715,0
125716,0
125717,0
125718,0
125719,0
125720,0
125721,0
126380,0
126381,0
126382,0
126383,0
126384,0
126385,0
126386,0
126387,0
126388,0
126389,0
126390,0
126391,0
126392,0
126393,0
126394,0
126395,0
126396,0
126397,0
126398,0
126399,0
126400,0
126401,0
126402,0
126403,0
126404,0
126405,0
126406,0
126407,0
126408,0
126409,0
126410,0
126411,0
126412,0
126413,0
126414,0
126415,0
126416,0
126417,0
126418,0
126419,0
126420,0
126421,0
126422,2
126423,2
126424,2
126425,2
126427,2
126428,2
126429,2
126430,2
126431,2
126432,2
126433,0
126434,0
126435,0
126436,0
126437,0
126438,0
126439,0
126440,0
126441,0
126442,0
127099,0
127100,0
127101,0
127102,0
127103,0
127104,0
127105,0
127106,0
127107,0
127108,0
127109,0
127110,0
127111,0
127112,0
127113,0
127114,0
127115,0
127116,0
127117,0
127118,0
127119,0
127120,0
127121,0
127122,0
127123,0
127124,0
127125,0
127126,0
127127,0
127128,0
127129,0
127130,0
127131,0
127132,0
127133,0
127134,0
127135,0
127136,0
127137,0
127138,0
127139,0
127140,0
127142,0
127143,2
127144,2
127148,2
127149,2
127150,2
127151,2
127152,2
127153,0
127154,0
127155,0
127156,0
127157,0
127158,0
127159,0
127160,0
127161,0
127162,0
127163,0
127819,0
127820,0
127821,0
127822,0
127823,0
127824,0
127825,0
127826,0
127827,0
127828,0
127829,0
127830,0
127831,0
127832,0
127833,0
127834,0
127835,0
127836,0
127837,0
127838,0
127839,0
127840,0
127841,0
127842,0
127843,0
127844,0
127845,0
127846,0
127847,0
127848,0
127849,0
127850,0
127851,0
127852,0
127853,0
127854,0
127855,0
127856,0
127857,0
127858,0
127859,0
127860,0
127861,0
127862,0
127863,0
127864,0
127868,2
127869,2
127870,2
127871,2
127872,2
127873,0
127874,0
127875,0
127876,0
127877,0
127878,0
127879,0
127880,0
127881,0
127882,0
127883,0
127884,0
128538,0
128539,0
128540,0
128541,0
128542,0
128543,0
128544,0
128545,0
128546,0
128547,0
128548,0
128549,0
128550,0
128551,0
128552,0
128553,0
128554,0
128555,0
128556,0
128557,0
128558,0
128559,0
128560,0
128561,0
128562,0
128563,0
128564,0
128565,0
128566,0
128567,0
128568,0
128569,0
128570,0
128571,0
128572,0
128573,0
128574,0
128575,0
128576,0
128577,0
128578,0
128579,0
128580,0
128581,0
128582,0
128583,0
128584,0
128589,2
128590,2
128591,2
128592,2
128593,0
128594,0
128595,0
128596,0
128597,0
128598,0
128599,0
128600,0
128601,0
128602,0
128603,0
128604,0
128605,0
129259,0
129260,0
129261,0
129262,0
129263,0
129264,0
129265,0
129266,0
129267,0
129268,0
129269,0
129270,0
129271,0
129272,0
129273,0
129274,0
129275,0
129276,0
129277,0
129278,0
129279,0
129280,0
129281,0
129282,0
129283,0
129284,0
129285,0
129286,0
129287,0
129288,0
129289,0
129290,0
129291,0
129292,0
129293,0
129294,0
129295,0
129296,0
129297,0
129298,0
129299,0
129300,0
129301,0
129302,0
129303,0
129304,0
129309,2
129310,2
129311,2
129312,2
129313,0
129314,0
129315,0
129316,0
129317,0
129318,0
129319,0
129320,0
129321,0
129322,0
129323,0
129324,0
129325,0
129326,0
129974,0
129979,0
129980,0
129981,0
129982,0
129983,0
129984,0
129985,0
129986,0
129987,0
129988,0
129989,0
129990,0
129991,0
129992,0
129993,0
129994,0
129995,0
129996,0
129997,0
129998,0
129999,0
130000,0
130001,0
130002,0
130003,0
130004,0
130005,0
130006,0
130007,0
130008,0
130009,0
130010,0
130011,0
130012,0
130013,0
130014,0
130015,0
130016,0
130017,0
130018,0
130019,0
130020,0
130021,0
130022,0
130023,0
130024,0
130025,0
130026,0
130027,0
130028,0
130029,0
130030,0
130031,0
130032,0
130033,0
130034,0
130035,0
130036,0
130037,0
130038,0
130039,0
130040,0
130041,0
130042,0
130043,0
130044,0
130045,0
130046,0
130047,0
130700,0
130701,0
130702,0
130703,0
130704,0
130705,0
130706,0
130707,0
130708,0
130709,0
130710,0
130711,0
130712,0
130713,0
130714,0
130715,0
130716,0
130717,0
130718,0
130719,0
130720,0
130721,0
130722,0
130723,0
130724,0
130725,0
130726,0
130727,0
130728,0
130729,0
130730,0
130731,0
130732,0
130733,0
130734,0
130735,0
130736,0
130737,0
130738,0
130739,0
130740,0
130741,0
130742,0
130743,0
130744,0
130745,0
130746,0
130747,0
130748,0
130749,0
130750,0
130751,0
130752,0
130753,0
130754,0
130755,0
130756,0
130757,0
130758,0
130759,0
130760,0
130761,0
130762,0
130763,0
130764,0
130765,0
130766,0
130767,0
130768,0
131419,0
131420,0
131421,0
131422,0
131423,0
131424,0
131425,0
131426,0
131427,0
131428,0
131429,0
131430,0
131431,0
131432,0
131433,0
131434,0
131435,0
131436,0
131437,0
131438,0
131439,0
131440,0
131441,0
131442,0
131443,0
131444,0
131445,0
131446,0
131447,0
131448,0
131449,0
131450,0
131451,0
131452,0
131453,0
131454,0
131455,0
131456,0
131457,0
131458,0
131459,0
131460,0
131461,0
131462,0
131463,0
131464,0
131465,0
131466,0
131467,0
131468,0
131469,0
131470,0
131471,0
131472,0
131473,0
131474,0
131475,0
131476,0
131477,0
131478,0
131479,0
131480,0
131481,0
131482,0
131483,0
131484,0
131485,0
131486,0
131487,0
131488,0
131489,0
132140,0
132141,0
132142,0
132143,0
132144,0
132145,0
132146,0
132147,0
132148,0
132149,0
132150,0
132151,0
132152,0
132153,0
132154,0
132155,0
132156,0
132157,0
132158,0
132159,0
132160,0
132161,0
132162,0
132163,0
132164,0
132165,0
132166,0
132167,0
132168,0
132169,0
132170,0
132171,0
132172,0
132173,0
132174,0
132175,0
132176,0
132177,0
132178,0
132179,0
132180,0
132181,0
132182,0
132183,0
132184,0
132185,0
132186,0
132187,0
132188,0
132189,0
132190,0
132191,0
132192,0
132193,0
132194,0
132195,0
132196,0
132197,0
132198,0
132199,0
132200,0
132201,0
132202,0
132203,0
132204,0
132205,0
132206,0
132207,0
132208,0
132209,0
132210,0
132860,0
132861,0
132862,0
132863,0
132864,0
132865,0
132866,0
132867,0
132868,0
132869,0
132870,0
132871,0
132872,0
132873,0
132874,0
132875,0
132876,0
132877,0
132878,0
132879,0
132880,0
132881,0
132882,0
132883,0
132884,0
132885,0
132886,0
132887,0
132888,0
132889,0
132890,0
132891,0
132892,0
132893,0
132894,0
132895,0
132896,3
132897,3
132898,3
132899,3
132900,3
132901,0
132902,0
132903,0
132904,0
132905,0
132906,0
132907,0
132908,0
132909,0
132910,0
132911,0
132912,0
132913,0
132914,0
132915,0
132916,0
132917,0
132918,0
132919,0
132920,0
132921,0
132922,0
132923,0
132924,0
132925,0
132926,0
132927,0
132928,0
132929,0
132930,0
132931,0
132932,0
133580,0
133581,0
133582,0
133583,0
133584,0
133585,0
133586,0
133587,0
133588,0
133589,0
133590,0
133591,0
133592,0
133593,0
133594,0
133595,0
133596,0
133597,0
133598,0
133599,0
133600,0
133601,0
133602,0
133603,0
133604,0
133605,0
133606,0
133607,0
133608,0
133609,0
133610,0
133611,0
133612,0
133613,0
133614,0
133615,0
133616,3
133617,3
133618,3
133619,3
133620,3
133621,0
133622,0
133623,0
133624,0
133625,0
133626,0
133627,0
133628,0
133629,0
133630,0
133631,0
133632,0
133633,0
133634,0
133635,0
133636,0
133637,0
133638,0
133639,0
133640,0
133641,0
133642,0
133643,0
133644,0
133645,0
133646,0
133647,0
133648,0
133649,0
133650,0
133651,0
133652,0
133653,0
134298,0
134300,0
134301,0
134302,0
134303,0
134304,0
134305,0
134306,0
134307,0
134308,0
134309,0
134310,0
134311,0
134312,0
134313,0
134314,0
134315,0
134316,0
134317,0
134318,0
134319,0
134320,0
134321,0
134322,0
134323,0
134324,0
134325,0
134326,0
134327,0
134328,0
134329,0
134330,0
134331,0
134332,0
134333,0
134334,0
134335,0
134336,3
134337,3
134338,2
134339,3
134340,3
134341,0
134342,0
134343,0
134344,0
134345,0
134346,0
134347,0
134348,0
134349,0
134350,0
134351,0
134352,0
134353,0
134354,0
134355,0
134356,0
134357,0
134358,0
134359,0
134360,0
134361,0
134362,0
134363,0
134364,0
134365,0
134366,0
134367,0
134368,0
134369,0
134370,0
134371,0
134372,0
134373,0
134374,0
135018,0
135020,0
135021,0
135022,0
135023,0
135024,0
135025,0
135026,0
135027,0
135028,0
135029,0
135030,0
135031,0
135032,0
135033,0
135034,0
135035,0
135036,0
135037,0
135038,0
135039,0
135040,0
135041,0
135042,0
135043,0
135044,0
135045,0
135046,0
135047,0
135048,0
135049,0
135050,0
135051,0
135052,0
135053,0
135054,0
135055,0
135056,3
135057,3
135058,3
135059,3
135060,3
135061,0
135062,0
135063,0
135064,0
135065,0
135066,0
135067,0
135068,0
135069,0
135070,0
135071,0
135072,0
135073,0
135074,0
135075,0
135076,0
135077,0
135078,0
135079,0
135080,0
135081,0
135082,0
135083,0
135084,0
135085,0
135086,0
135087,0
135088,0
135089,0
135090,0
135091,0
135092,0
135093,0
135094,0
135095,0
135705,0
135733,0
135734,0
135739,0
135740,0
135741,0
135742,0
135743,0
135744,0
135745,0
135746,0
135747,0
135748,0
135749,0
135750,0
135751,0
135752,0
135753,0
135754,0
135755,0
135756,0
135757,0
135758,0
135759,0
135760,0
135761,0
135762,0
135763,0
135764,0
135765,0
135766,0
135767,0
135768,0
135769,0
135770,0
135771,0
135772,0
135773,0
135774,0
135775,0
135776,3
135777,3
135778,3
135779,3
135780,3
135781,0
135782,0
135783,0
135784,0
135785,0
135786,0
135787,0
135788,0
135789,0
135790,0
135791,0
135792,0
135793,0
135794,0
135795,0
135796,0
135802,0
135803,0
135804,0
135805,0
135806,0
135807,0
135808,0
135809,0
135810,0
135811,0
135812,0
135813,0
135814,0
135815,0
135816,0
136423,0
136424,0
136425,0
136426,0
136427,0
136428,0
136436,2
136437,2
136452,0
136453,0
136454,0
136455,0
136456,0
136457,0
136458,0
136459,0
136460,0
136461,0
136462,0
136463,0
136464,0
136465,0
136466,0
136467,0
136468,0
136469,0
136470,0
136471,0
136472,0
136473,0
136474,0
136475,0
136476,0
136477,0
136478,0
136479,0
136480,0
136481,0
136482,0
136483,0
136484,0
136485,0
136486,0
136487,0
136488,0
136489,0
136490,0
136491,0
136492,0
136493,0
136494,0
136495,0
136496,0
136497,0
136498,0
136499,0
136500,0
136501,0
136502,0
136503,0
136504,0
136505,0
136506,0
136507,0
136508,0
136509,0
136510,0
136511,0
136512,0
136513,0
136514,0
136515,0
136516,2
136517,0
136518,0
136519,0
136520,0
136522,0
136523,0
136524,0
136525,0
136526,0
136527,0
136528,0
136529,0
136530,0
136531,0
136532,0
136533,0
136534,0
136535,0
136536,0
136537,0
137142,0
137143,0
137144,0
137145,0
137146,0
137147,0
137148,0
137149,0
137150,0
137151,0
137152,2
137153,2
137154,2
137155,2
137157,2
137158,2
137159,2
137171,0
137172,0
137173,0
137174,0
137175,0
137176,0
137177,0
137178,0
137179,0
137180,0
137181,0
137182,0
137183,0
137184,0
137185,0
137186,0
137187,0
137188,0
137189,0
137190,0
137191,0
137192,0
137193,0
137194,0
137195,0
137196,0
137197,0
137198,0
137199,0
137200,0
137201,0
137202,0
137203,0
137204,0
137205,0
137206,0
137207,0
137208,0
137209,0
137210,0
137211,0
137212,0
137213,0
137214,0
137215,0
137216,0
137217,0
137218,0
137219,0
137220,0
137221,0
137222,0
137223,0
137224,0
137225,0
137226,0
137227,0
137228,0
137229,0
137230,0
137231,0
137232,0
137233,0
137234,0
137235,0
137236,2
137237,0
137238,0
137240,0
137242,0
137243,0
137244,0
137245,0
137246,0
137247,0
137248,0
137249,0
137250,0
137251,0
137252,0
137253,0
137254,0
137255,0
137256,0
137257,0
137861,0
137862,2
137863,2
137864,2
137865,2
137866,2
137867,0
137868,2
137869,2
137870,2
137871,2
137872,2
137873,2
137874,2
137875,2
137876,2
137877,2
137878,2
137879,2
137881,0
137882,4
137891,0
137892,0
137893,0
137894,0
137895,0
137896,0
137897,0
137898,0
137899,0
137900,0
137901,0
137902,0
137903,0
137904,0
137905,0
137906,0
137907,0
137908,0
137909,0
137910,0
137911,0
137912,0
137913,0
137914,0
137915,0
137916,0
137917,0
137918,0
137919,0
137920,0
137921,0
137922,0
137923,0
137924,0
137925,0
137926,0
137927,0
137928,0
137929,0
137930,0
137931,0
137932,0
137933,0
137934,0
137935,0
137936,0
137937,0
137938,0
137939,0
137940,0
137941,0
137942,0
137943,0
137944,0
137945,0
137946,0
137947,0
137948,0
137949,0
137950,0
137951,0
137952,0
137953,0
137954,0
137955,0
137956,2
137957,0
137959,0
137960,0
137962,0
137963,0
137964,0
137965,0
137966,0
137967,0
137968,0
137969,0
137970,0
137971,0
137972,0
137973,0
137974,0
137975,0
137976,0
137977,0
137978,0
138579,0
138580,0
138581,0
138582,2
138583,2
138584,2
138585,2
138586,2
138587,2
138588,2
138589,2
138590,2
138591,2
138592,2
138593,2
138594,2
138595,2
138596,2
138597,2
138598,2
138601,0
138602,4
138603,4
138604,4
138605,4
138606,0
138608,0
138609,0
138610,0
138611,0
138612,0
138613,0
138614,0
138615,0
138616,0
138617,0
138618,0
138619,0
138620,0
138621,0
138622,0
138623,0
138624,0
138625,0
138626,0
138627,0
138628,0
138629,0
138630,0
138631,0
138632,0
138633,0
138634,0
138635,0
138636,0
138637,0
138638,0
138639,0
138640,0
138641,0
138642,0
138643,0
138644,0
138645,0
138646,0
138647,0
138648,0
138649,0
138650,0
138651,0
138652,0
138653,0
138654,0
138655,0
138656,0
138657,0
138658,0
138659,0
138660,0
138661,0
138662,0
138663,0
138664,0
138665,0
138666,0
138667,0
138668,0
138669,0
138670,0
138671,0
138672,0
138673,0
138674,0
138675,0
138676,2
138677,0
138678,0
138679,0
138680,0
138682,0
138683,0
138684,0
138685,0
138686,0
138687,0
138688,0
138689,0
138690,0
138691,0
138692,0
138693,0
138694,0
138695,0
138696,0
138697,0
138698,0
139298,1
139299,4
139300,4
139301,4
139302,2
139303,2
139304,3
139305,2
139306,2
139307,2
139308,2
139309,2
139310,2
139311,2
139312,2
139313,0
139314,2
139315,2
139316,2
139317,2
139318,2
139319,2
139321,0
139322,4
139323,4
139324,4
139325,4
139326,0
139327,0
139328,0
139329,0
139330,0
139331,4
139332,4
139333,4
139334,4
139335,4
139336,0
139337,0
139338,0
139339,0
139340,0
139341,0
139342,0
139343,0
139344,0
139345,0
139346,0
139347,0
139348,0
139349,0
139350,0
139351,0
139352,0
139353,0
139354,0
139355,0
139356,0
139357,0
139358,0
139359,0
139360,0
139361,0
139362,0
139363,0
139364,0
139365,0
139366,0
139367,0
139368,0
139369,0
139370,0
139371,0
139372,0
139373,0
139374,0
139375,0
139376,0
139377,0
139378,0
139379,0
139380,0
139381,0
139382,0
139383,0
139384,0
139385,0
139386,0
139387,0
139388,0
139389,0
139390,0
139391,0
139392,0
139393,0
139394,0
139395,0
139396,2
139397,2
139398,2
139399,2
139400,2
139401,0
139402,0
139403,0
139404,0
139405,0
139406,0
139407,0
139408,0
139409,0
139410,0
139411,0
139412,0
139413,0
139414,0
139415,0
139416,0
139417,0
139418,0
139419,0
140016,1
140017,1
140018,1
140019,4
140020,4
140021,4
140022,2
140023,2
140024,2
140025,2
140026,2
140027,2
140028,2
140029,2
140030,2
140031,2
140032,2
140033,0
140034,2
140035,2
140036,2
140037,2
140038,2
140039,2
140041,0
140042,4
140043,4
140044,4
140045,4
140046,0
140047,0
140048,0
140049,0
140050,0
140051,4
140052,4
140053,4
140054,4
140055,4
140056,0
140057,0
140058,0
140059,0
140060,0
140061,0
140062,0
140063,0
140064,0
140065,0
140066,0
140067,0
140068,0
140069,0
140070,0
140071,0
140072,0
140073,0
140074,0
140075,0
140076,0
140077,0
140078,0
140079,0
140080,0
140081,0
140082,0
140083,0
140084,0
140085,0
140086,0
140087,0
140088,0
140089,0
140090,0
140091,0
140092,0
140093,0
140094,0
140095,0
140096,0
140097,0
140098,0
140099,0
140100,0
140101,0
140102,0
140103,0
140104,0
140105,0
140106,0
140107,0
140108,0
140109,0
140110,0
140111,0
140112,0
140113,0
140114,0
140115,0
140116,0
140117,0
140118,0
140119,0
140120,0
140121,0
140122,0
140123,0
140124,0
140125,0
140126,0
140127,0
140128,0
140129,0
140130,0
140131,0
140132,0
140133,0
140134,0
140135,0
140136,0
140137,0
140138,0
140139,0
140140,0
140735,1
140736,2
140737,1
140738,1
140739,4
140740,4
140741,4
140742,2
140743,2
140744,2
140745,2
140746,2
140747,2
140748,2
140749,2
140750,2
140751,2
140752,2
140753,0
140754,2
140755,2
140756,2
140757,2
140758,2
140759,2
140760,0
140761,0
140762,0
140763,0
140764,0
140765,0
140766,0
140767,0
140768,0
140769,0
140770,0
140771,4
140772,4
140773,4
140774,4
140775,4
140776,0
140777,0
140778,0
140779,0
140780,0
140781,0
140782,0
140783,0
140784,0
140785,0
140786,0
140787,0
140788,0
140789,0
140790,0
140791,0
140792,0
140793,0
140794,0
140795,0
140796,0
140797,0
140798,0
140799,0
140800,0
140801,0
140802,0
140803,0
140804,0
140805,0
140806,0
140807,0
140808,0
140809,0
140810,0
140811,0
140812,0
140813,0
140814,0
140815,0
140816,0
140817,0
140818,0
140819,0
140820,0
140821,0
140822,0
140823,0
140824,0
140825,0
140826,0
140827,0
140828,0
140829,0
140830,0
140831,0
140832,0
140833,0
140834,0
140835,0
140836,0
140837,0
140838,0
140839,0
140840,0
140841,0
140842,0
140843,0
140844,0
140845,0
140846,0
140847,0
140848,0
140849,0
140850,0
140851,0
140852,0
140853,0
140854,0
140855,0
140856,0
140857,0
140858,0
140859,0
140860,0
141454,1
141455,1
141456,1
141457,1
141458,1
141459,4
141460,4
141466,0
141467,2
141468,2
141469,2
141470,2
141471,2
141472,0
141473,0
141474,2
141475,2
141476,2
141477,2
141478,2
141479,0
141480,0
141481,0
141482,0
141483,0
141484,0
141485,0
141486,0
141487,0
141488,0
141489,0
141490,0
141491,4
141492,4
141493,4
141494,4
141495,4
141496,0
141497,0
141498,0
141499,0
141500,0
141501,0
141502,0
141503,0
141504,0
141505,0
141506,0
141507,0
141508,0
141509,0
141510,0
141511,0
141512,0
141513,0
141514,0
141515,0
141516,0
141517,0
141518,0
141519,0
141520,0
141521,0
141522,0
141523,0
141524,0
141525,0
141526,0
141527,0
141528,0
141529,0
141530,0
141531,0
141532,0
141533,0
141534,0
141535,0
141536,0
141537,0
141538,0
141539,0
141540,0
141541,0
141542,0
141543,0
141544,0
141545,0
141546,0
141547,0
141548,0
141549,0
141550,0
141551,0
141552,0
141553,0
141554,0
141555,0
141556,0
141557,0
141558,0
141559,0
141560,0
141561,0
141562,0
141563,0
141564,0
141565,0
141566,0
141567,0
141568,0
141569,0
141570,0
141571,0
141572,0
141573,0
141574,0
141575,0
141576,0
141577,0
141578,0
141579,0
141580,0
141581,0
142174,1
142175,1
142176,1
142177,4
142178,1
142179,4
142180,4
142186,0
142187,0
142188,0
142189,0
142190,0
142191,0
142192,0
142193,0
142194,0
142195,0
142196,0
142197,0
142198,0
142199,0
142200,0
142201,0
142202,0
142203,0
142204,0
142205,0
142206,0
142207,0
142208,0
142209,0
142210,0
142211,4
142212,4
142213,4
142214,4
142215,4
142216,0
142217,0
142218,0
142219,0
142220,0
142221,0
142222,0
142223,0
142224,0
142225,0
142226,0
142227,0
142228,0
142229,0
142230,0
142231,0
142232,0
142233,0
142234,0
142235,0
142236,0
142237,0
142238,0
142239,0
142240,0
142241,0
142242,0
142243,0
142244,0
142245,0
142246,0
142247,0
142248,0
142249,0
142250,0
142251,0
142252,0
142253,0
142254,0
142255,0
142256,0
142257,0
142258,0
142259,0
142260,0
142261,0
142262,0
142263,0
142264,0
142265,0
142266,0
142267,0
142268,0
142269,0
142270,0
142271,0
142272,0
142273,0
142274,0
142275,0
142276,0
142277,0
142278,0
142279,0
142280,0
142281,0
142282,0
142283,0
142284,0
142285,0
142286,0
142287,0
142288,0
142289,0
142290,0
142291,0
142292,0
142293,0
142294,0
142295,0
142296,0
142297,0
142298,0
142299,0
142300,0
142301,0
142894,1
142895,1
142896,1
142897,1
142898,4
142899,4
142900,0
142906,0
142907,2
142908,2
142909,2
142910,2
142911,2
142912,0
142913,0
142914,0
142915,0
142916,0
142917,0
142918,0
142919,0
142920,0
142921,0
142922,0
142923,0
142924,0
142925,0
142926,0
142927,0
142928,0
142929,0
142930,0
142931,0
142932,0
142933,0
142934,0
142935,0
142936,0
142937,0
142938,1
142939,1
142940,1
142941,1
142942,1
142943,0
142944,0
142945,0
142946,0
142947,0
142948,0
142949,0
142950,0
142951,0
142952,0
142953,0
142954,0
142955,0
142956,0
142957,0
142958,0
142959,0
142960,0
142961,0
142962,0
142963,0
142964,0
142965,0
142966,0
142967,0
142968,0
142969,0
142970,0
142971,0
142972,0
142973,0
142974,0
142975,0
142976,0
142977,0
142978,0
142979,0
142980,0
142981,0
142982,0
142983,0
142984,0
142985,0
142986,0
142987,0
142988,0
142989,0
142990,0
142991,0
142992,0
142993,0
142994,0
142995,0
142996,0
142997,0
142998,0
142999,0
143000,0
143001,0
143002,0
143003,0
143004,0
143005,0
143006,0
143007,0
143008,0
143009,0
143010,0
143011,0
143012,0
143013,0
143014,0
143015,0
143016,0
143017,0
143018,0
143019,0
143020,0
143021,0
143022,0
143613,1
143614,1
143615,1
143616,1
143617,1
143618,4
143619,4
143620,0
143626,2
143627,2
143628,2
143629,2
143630,2
143631,2
143632,0
143633,0
143634,0
143635,0
143636,0
143637,0
143638,0
143639,0
143640,0
143641,0
143642,0
143643,0
143644,0
143645,0
143646,0
143647,0
143648,0
143649,0
143650,0
143651,0
143652,0
143653,0
143654,0
143655,0
143656,0
143657,0
143659,1
143660,1
143661,1
143662,1
143663,0
143664,0
143665,0
143666,0
143667,0
143668,0
143669,0
143670,0
143671,0
143672,0
143673,0
143674,0
143675,0
143676,0
143677,0
143678,0
143679,0
143680,0
143681,0
143682,0
143683,0
143684,0
143685,0
143686,0
143687,0
143688,0
143689,0
143690,0
143691,0
143692,0
143693,0
143694,0
143695,0
143696,0
143697,0
143698,0
143699,0
143700,0
143701,0
143702,0
143703,0
143704,0
143705,0
143706,0
143707,0
143708,0
143709,0
143710,0
143711,0
143712,0
143713,0
143714,0
143715,0
143716,0
143717,0
143718,0
143719,0
143720,0
143721,0
143722,0
143723,0
143724,0
143725,0
143726,0
143727,0
143728,0
143729,0
143730,0
143731,0
143732,0
143733,0
143734,0
143735,0
143736,0
143737,0
143738,0
143739,0
143740,0
143741,0
143742,0
144332,1
144333,1
144334,1
144335,1
144336,1
144337,0
144338,2
144339,2
144340,2
144341,0
144346,2
144347,2
144348,2
144349,2
144350,2
144351,2
144352,0
144353,0
144354,0
144355,0
144356,0
144357,0
144358,2
144359,2
144360,2
144361,2
144362,2
144363,0
144364,0
144365,0
144366,0
144367,0
144368,0
144369,0
144370,0
144371,0
144372,0
144373,0
144374,0
144375,0
144376,0
144377,0
144378,1
144379,1
144380,2
144381,1
144382,1
144383,0
144384,0
144385,0
144386,0
144387,0
144388,0
144389,0
144390,0
144391,0
144392,0
144393,0
144394,0
144395,0
144396,0
144397,0
144398,0
144399,0
144400,0
144401,0
144402,0
144403,0
144404,0
144405,0
144406,0
144407,0
144408,0
144409,0
144410,0
144411,0
144412,0
144413,0
144414,0
144415,0
144416,0
144417,0
144418,0
144419,0
144420,0
144421,0
144422,0
144423,0
144424,0
144425,0
144426,0
144427,0
144428,0
144429,0
144430,0
144431,0
144432,0
144433,0
144434,0
144435,0
144436,0
144437,0
144438,0
144439,0
144440,0
144441,0
144442,0
144443,0
144444,0
144445,0
144446,0
144447,0
144448,0
144449,0
144450,0
144451,0
144452,0
144453,0
144454,0
144455,0
144456,0
144457,0
144458,0
144459,0
144460,0
144461,0
144462,0
145051,1
145052,1
145053,1
145054,1
145055,1
145056,1
145057,0
145058,2
145059,2
145060,2
145061,2
145062,2
145063,2
145064,2
145065,2
145066,2
145067,2
145068,2
145069,2
145070,2
145071,2
145072,0
145073,2
145074,2
145075,2
145076,2
145077,2
145078,2
145079,2
145080,2
145081,2
145082,2
145083,0
145084,0
145085,0
145086,0
145087,0
145088,0
145089,0
145090,0
145091,0
145092,0
145093,0
145094,0
145095,0
145096,0
145097,0
145098,1
145099,1
145100,1
145101,1
145102,1
145103,0
145104,0
145105,0
145106,0
145107,0
145108,0
145109,0
145110,0
145111,0
145112,0
145113,0
145114,0
145115,0
145116,0
145117,0
145118,0
145119,0
145120,0
145121,0
145122,0
145123,0
145124,0
145125,0
145126,0
145127,0
145128,0
145129,0
145130,0
145131,0
145132,0
145133,0
145134,0
145135,0
145136,0
145137,0
145138,0
145139,0
145140,0
145141,0
145142,0
145143,0
145144,0
145145,0
145146,0
145147,0
145148,0
145149,0
145150,0
145151,0
145152,0
145153,0
145154,0
145155,0
145156,0
145157,0
145158,0
145159,0
145160,0
145161,0
145162,0
145163,0
145164,0
145165,0
145166,0
145167,0
145168,0
145171,0
145172,0
145173,0
145174,0
145175,0
145176,0
145177,0
145178,0
145179,0
145180,0
145181,0
145182,0
145183,0
145768,0
145769,0
145770,0
145771,1
145772,1
145773,1
145774,1
145775,1
145776,1
145777,0
145778,2
145779,2
145780,2
145781,2
145782,2
145783,2
145784,2
145785,2
145786,2
145787,2
145788,2
145789,2
145790,2
145791,2
145792,0
145793,2
145794,2
145795,2
145796,2
145797,2
145798,2
145799,2
145800,2
145801,2
145802,2
145803,0
145804,0
145805,0
145806,0
145807,0
145808,0
145809,0
145810,0
145811,0
145812,0
145813,0
145814,0
145815,0
145816,0
145817,0
145818,1
145819,1
145820,1
145821,1
145822,1
145823,0
145824,0
145825,0
145826,0
145827,0
145828,0
145829,0
145830,0
145831,0
145832,0
145833,0
145834,0
145835,0
145836,0
145837,0
145838,0
145839,0
145840,0
145841,0
145842,0
145843,0
145844,0
145845,0
145846,0
145847,0
145848,0
145849,0
145850,0
145851,0
145852,0
145853,0
145854,0
145855,0
145856,0
145857,0
145858,0
145859,0
145860,0
145861,0
145862,0
145863,0
145864,0
145865,0
145866,0
145867,0
145868,0
145869,0
145870,0
145871,0
145872,0
145873,0
145874,0
145875,0
145876,0
145877,0
145878,0
145879,0
145880,0
145881,0
145882,0
145883,0
145884,0
145885,0
145886,0
145887,0
145895,0
145896,0
145897,0
145898,0
145899,0
145900,0
145901,0
145902,0
145903,0
146488,0
146489,0
146490,0
146491,1
146492,1
146493,1
146494,1
146495,1
146496,2
146497,2
146498,2
146499,2
146500,2
146501,2
146502,2
146503,2
146504,2
146505,2
146506,2
146507,2
146508,2
146509,2
146510,2
146511,0
146512,0
146513,2
146514,2
146515,2
146516,2
146517,2
146518,2
146519,2
146520,2
146521,2
146522,2
146523,0
146524,0
146525,0
146526,0
146527,0
146528,0
146529,0
146530,0
146531,0
146532,0
146533,0
146534,0
146535,0
146536,0
146537,0
146538,0
146539,0
146540,0
146541,0
146542,0
146543,0
146544,0
146545,0
146546,0
146547,0
146548,0
146549,0
146550,0
146551,0
146552,0
146553,0
146554,0
146555,0
146556,0
146557,0
146558,0
146559,0
146560,0
146561,0
146562,0
146563,0
146564,0
146565,0
146566,0
146567,0
146568,0
146569,0
146570,0
146571,0
146572,0
146573,0
146574,0
146575,0
146576,0
146577,0
146578,0
146579,0
146580,0
146581,0
146582,0
146583,0
146584,0
146585,0
146586,0
146587,0
146588,0
146589,0
146590,0
146591,0
146592,0
146593,0
146594,0
146595,0
146596,0
146597,0
146598,0
146599,0
146600,0
146601,0
146602,0
146603,0
146604,0
146605,0
146606,0
146607,0
146621,0
146622,0
146623,0
147207,0
147208,0
147209,0
147210,0
147211,1
147212,1
147213,1
147214,1
147215,1
147216,2
147217,2
147218,2
147219,2
147220,2
147221,2
147222,2
147223,0
147224,0
147225,2
147226,2
147227,2
147228,2
147229,2
147230,2
147231,0
147232,0
147233,2
147234,2
147235,2
147236,2
147237,2
147238,2
147239,2
147240,2
147241,2
147242,2
147243,2
147244,0
147245,0
147246,0
147247,0
147248,0
147249,0
147250,0
147251,0
147252,0
147253,0
147254,0
147255,0
147256,0
147257,0
147258,0
147259,0
147260,0
147261,0
147262,0
147263,0
147264,0
147265,0
147266,0
147267,0
147268,0
147269,0
147270,0
147271,0
147272,0
147273,0
147274,0
147275,0
147276,0
147277,0
147278,0
147279,0
147280,0
147281,0
147282,0
147283,0
147284,0
147285,0
147286,0
147287,0
147288,0
147289,0
147290,0
147291,0
147292,0
147293,0
147294,0
147295,0
147296,0
147297,0
147298,0
147299,0
147300,0
147301,0
147302,0
147303,0
147304,0
147305,0
147306,0
147307,0
147308,0
147309,0
147310,0
147311,0
147312,0
147313,0
147314,0
147315,0
147316,0
147317,0
147318,0
147319,0
147320,0
147321,0
147322,0
147323,0
147324,0
147325,0
147326,0
147327,0
147927,0
147928,0
147929,0
147930,0
147931,0
147932,0
147933,0
147934,2
147935,2
147936,2
147937,2
147938,2
147939,2
147940,2
147941,2
147942,2
147943,0
147944,0
147945,2
147946,2
147947,2
147948,2
147949,2
147950,2
147951,0
147952,0
147953,2
147954,2
147955,2
147956,2
147957,2
147958,2
147959,2
147960,2
147961,2
147962,2
147963,2
147964,2
147965,2
147966,0
147967,0
147968,0
147969,0
147970,0
147971,0
147972,0
147973,0
147974,0
147975,0
147976,0
147977,0
147978,0
147979,0
147980,0
147981,0
147982,0
147983,0
147984,0
147985,0
147986,0
147987,0
147988,0
147989,0
147990,0
147991,0
147992,0
147993,0
147994,0
147995,0
147996,0
147997,0
147998,0
147999,0
148000,0
148001,0
148002,0
148003,0
148004,0
148005,0
148006,0
148007,0
148008,0
148009,0
148010,0
148011,0
148012,0
148013,0
148014,0
148015,0
148016,0
148017,0
148018,0
148019,0
148020,0
148021,0
148022,0
148023,0
148024,0
148025,0
148026,0
148027,0
148028,0
148029,0
148030,0
148031,0
148032,0
148033,0
148034,0
148035,0
148036,0
148037,0
148038,0
148039,0
148040,0
148041,0
148042,0
148043,0
148044,0
148045,0
148046,0
148047,0
148647,0
148648,0
148649,0
148650,0
148651,0
148652,0
148653,0
148654,2
148655,2
148656,2
148657,2
148658,2
148659,2
148660,2
148661,0
148662,0
148663,0
148664,0
148665,2
148666,2
148667,2
148668,2
148669,2
148670,2
148671,0
148672,0
148673,0
148674,2
148675,2
148676,2
148677,2
148678,2
148679,2
148680,2
148681,2
148682,2
148683,2
148684,2
148685,2
148686,0
148687,0
148688,0
148689,0
148690,0
148691,0
148692,0
148693,0
148694,0
148695,0
148696,0
148697,0
148698,0
148699,0
148700,0
148701,0
148702,0
148703,0
148704,0
148705,0
148706,0
148707,0
148708,0
148709,0
148710,0
148711,0
148712,0
148713,0
148714,0
148715,0
148716,0
148717,0
148718,0
148719,0
148720,0
148721,0
148722,0
148723,0
148724,0
148725,0
148726,0
148727,0
148728,0
148729,0
148730,0
148731,0
148732,0
148733,0
148734,0
148735,0
148736,0
148737,0
148738,0
148739,0
148740,0
148741,0
148742,0
148743,0
148744,0
148745,0
148746,0
148747,0
148748,0
148749,0
148750,0
148751,0
148752,0
148753,0
148754,0
148755,0
148756,0
148757,0
148758,0
148759,0
148760,0
148761,0
148762,0
148763,0
148764,0
148765,0
148766,0
149367,4
149368,4
149369,4
149370,0
149371,0
149372,0
149373,0
149374,2
149375,2
149376,2
149377,2
149378,2
149379,2
149380,2
149381,0
149382,0
149383,0
149384,0
149385,0
149386,0
149387,0
149388,0
149389,0
149390,0
149391,0
149392,0
149393,0
149394,0
149395,2
149396,2
149397,2
149398,2
149399,2
149400,2
149401,2
149402,2
149403,2
149404,2
149405,2
149406,0
149407,0
149408,0
149409,0
149410,0
149411,0
149412,0
149413,0
149414,0
149415,0
149416,0
149417,0
149418,0
149419,0
149420,0
149421,0
149422,0
149423,0
149424,0
149425,0
149426,0
149427,0
149428,0
149429,0
149430,0
149431,0
149432,0
149433,0
149434,0
149435,0
149436,0
149437,0
149438,0
149439,0
149440,0
149441,0
149442,0
149443,0
149444,0
149445,0
149446,0
149447,0
149448,0
149449,0
149450,0
149451,0
149452,0
149453,0
149454,0
149455,0
149456,0
149457,0
149458,0
149459,0
149460,0
149461,0
149462,0
149463,0
149464,0
149465,0
149466,0
149467,0
149468,0
149469,0
149470,0
149471,0
149472,0
149473,0
149474,0
149475,0
149476,0
149477,0
149478,0
149479,0
149480,0
149481,0
149482,0
149483,0
149484,0
149485,0
150087,4
150088,4
150089,4
150090,0
150091,0
150092,0
150093,0
150094,2
150095,2
150096,2
150097,2
150098,2
150099,2
150100,2
150101,0
150102,0
150103,0
150104,0
150105,0
150106,0
150107,0
150108,0
150109,0
150110,0
150111,0
150112,0
150113,0
150114,0
150115,2
150116,2
150117,2
150118,2
150119,2
150120,2
150121,2
150122,2
150123,2
150124,2
150125,2
150126,0
150127,0
150128,0
150129,0
150130,0
150131,0
150132,0
150133,0
150134,0
150135,0
150136,0
150137,0
150138,0
150139,0
150140,0
150141,0
150142,0
150143,0
150144,0
150145,0
150146,0
150147,0
150148,0
150149,0
150150,0
150151,0
150152,0
150153,0
150154,0
150155,0
150156,0
150157,0
150158,0
150159,0
150160,0
150161,0
150162,0
150163,0
150164,0
150165,0
150166,0
150167,0
150168,0
150169,0
150170,0
150171,0
150172,0
150173,0
150174,0
150175,0
150176,0
150177,0
150178,0
150179,0
150180,0
150181,0
150182,0
150183,0
150184,0
150185,0
150186,0
150187,0
150188,0
150189,0
150190,0
150191,0
150192,0
150193,0
150194,0
150195,0
150196,0
150197,0
150198,0
150199,0
150200,0
150201,0
150202,0
150203,0
150792,0
150806,4
150807,4
150808,4
150809,4
150810,0
150811,0
150812,0
150813,0
150814,0
150815,2
150816,2
150817,2
150818,2
150819,2
150820,0
150821,0
150822,0
150823,0
150824,0
150825,0
150826,0
150827,0
150828,0
150829,0
150830,0
150831,0
150832,0
150833,0
150834,0
150835,0
150836,2
150837,2
150838,2
150839,2
150840,2
150841,2
150842,2
150843,2
150844,2
150845,2
150846,0
150847,0
150848,0
150849,0
150850,0
150851,0
150852,0
150853,0
150854,0
150855,0
150856,0
150857,0
150858,0
150859,0
150860,0
150861,0
150862,0
150863,0
150864,0
150865,0
150866,0
150867,0
150868,0
150869,0
150870,0
150871,0
150872,0
150873,0
150874,0
150875,0
150876,0
150877,0
150878,0
150879,0
150880,0
150881,0
150882,0
150883,0
150884,0
150885,0
150886,0
150887,0
150888,0
150889,0
150890,0
150891,0
150892,0
150893,0
150894,0
150895,0
150896,0
150897,0
150898,0
150899,0
150900,0
150901,0
150902,0
150903,0
150904,0
150905,0
150906,0
150907,0
150908,0
150909,0
150910,0
150911,0
150912,0
150913,0
150914,0
150915,0
150916,0
150917,0
150918,0
150919,0
150920,0
150921,0
150922,0
150923,0
151513,0
151514,0
151527,4
151528,4
151529,4
151530,0
151531,0
151532,0
151533,0
151534,0
151535,2
151536,2
151537,2
151538,2
151539,2
151540,0
151541,0
151542,0
151543,0
151544,0
151545,0
151546,0
151547,0
151548,0
151549,0
151550,0
151551,0
151552,0
151553,0
151554,0
151555,0
151556,2
151557,2
151558,2
151559,2
151560,2
151561,2
151562,2
151563,0
151564,0
151565,0
151566,0
151567,0
151568,0
151569,0
151570,0
151571,0
151572,0
151573,0
151574,0
151575,0
151576,0
151577,0
151578,0
151579,0
151580,0
151581,0
151582,0
151583,0
151584,0
151585,0
151586,0
151587,0
151588,0
151589,0
151590,0
151591,0
151592,0
151593,0
151594,0
151595,0
151596,0
151597,0
151598,0
151599,0
151600,0
151601,0
151602,0
151603,0
151604,0
151605,0
151606,0
151607,0
151608,0
151609,0
151610,0
151611,0
151612,0
151613,0
151614,0
151615,0
151616,0
151617,0
151618,0
151619,0
151620,0
151621,0
151622,0
151623,0
151624,0
151625,0
151626,0
151627,0
151628,0
151629,0
151630,0
151631,0
151632,0
151633,0
151634,0
151635,0
151636,0
151637,0
151638,0
151639,0
151640,0
151641,0
152247,4
152248,4
152249,4
152250,0
152251,0
152252,0
152253,0
152254,0
152255,0
152256,0
152257,0
152258,0
152259,0
152260,0
152261,0
152262,0
152263,0
152264,0
152265,0
152266,0
152267,0
152268,0
152269,0
152270,0
152271,0
152272,0
152273,0
152274,0
152275,0
152276,0
152277,0
152278,0
152279,0
152280,0
152281,0
152282,0
152283,0
152284,0
152285,0
152286,0
152287,0
152288,0
152289,0
152290,0
152291,0
152292,0
152293,0
152294,0
152295,0
152296,0
152297,0
152298,0
152299,0
152300,0
152301,0
152302,0
152303,0
152304,0
152305,0
152306,0
152307,0
152308,0
152309,0
152310,0
152311,0
152312,0
152313,0
152314,0
152315,0
152316,0
152317,0
152318,0
152319,0
152320,0
152321,0
152322,0
152323,0
152324,0
152325,0
152326,0
152327,0
152328,0
152329,0
152330,0
152331,0
152332,0
152333,0
152334,0
152335,0
152336,0
152337,0
152338,0
152339,0
152340,0
152341,0
152342,0
152343,0
152344,0
152345,0
152346,0
152347,0
152348,0
152349,0
152350,0
152351,0
152352,0
152353,0
152354,0
152355,0
152356,0
152357,0
152358,0
152359,0
152361,0
152955,0
152968,0
152969,0
152970,0
152971,0
152972,0
152973,0
152974,0
152975,0
152976,0
152977,0
152978,0
152979,0
152980,0
152981,0
152982,0
152983,0
152984,0
152985,0
152986,0
152987,0
152988,0
152989,0
152990,0
152991,0
152992,0
152993,0
152994,0
152995,0
152996,0
152997,0
152998,0
152999,0
153000,0
153001,0
153002,0
153003,0
153004,0
153005,0
153006,0
153007,0
153008,0
153009,0
153010,0
153011,0
153012,0
153013,0
153014,0
153015,0
153016,0
153017,0
153018,0
153019,0
153020,0
153021,0
153022,0
153023,0
153024,0
153025,0
153026,0
153027,0
153028,0
153029,0
153030,0
153031,0
153032,0
153033,0
153034,0
153035,0
153036,0
153037,0
153038,0
153039,0
153040,0
153041,0
153042,0
153043,0
153044,0
153045,0
153046,0
153047,0
153048,0
153049,0
153050,0
153051,0
153052,0
153053,0
153054,0
153055,0
153056,0
153057,0
153058,0
153059,0
153060,0
153061,0
153062,0
153063,0
153064,0
153065,0
153066,0
153067,0
153068,0
153069,0
153070,0
153071,0
153072,0
153073,0
153074,0
153075,0
153076,0
153077,0
153078,0
153079,0
153672,0
153688,0
153689,0
153690,0
153691,0
153692,0
153693,0
153694,0
153695,0
153696,0
153697,0
153698,0
153699,0
153700,0
153701,0
153702,0
153703,0
153704,0
153705,0
153706,0
153707,0
153708,0
153709,0
153710,0
153711,0
153712,0
153713,0
153714,0
153715,0
153716,0
153717,0
153718,0
153719,0
153720,0
153721,0
153722,0
153723,0
153724,0
153725,0
153726,0
153727,0
153728,0
153729,0
153730,0
153731,0
153732,0
153738,0
153739,0
153740,0
153741,0
153742,0
153743,0
153744,0
153745,0
153746,0
153747,0
153748,0
153749,0
153750,0
153751,0
153752,0
153753,0
153754,0
153755,0
153756,0
153757,0
153758,0
153759,0
153760,0
153761,0
153762,0
153763,0
153764,0
153765,0
153766,0
153767,0
153768,0
153769,0
153770,0
153771,0
153772,0
153773,0
153774,0
153775,0
153776,0
153777,0
153778,0
153779,0
153780,0
153781,0
153782,0
153783,0
153784,0
153785,0
153786,0
153787,0
153788,0
153789,0
153790,0
153791,0
153792,0
153793,0
153794,0
153795,0
153796,0
153797,0
153798,0
153799,0
154390,0
154408,0
154409,0
154410,0
154411,0
154412,0
154413,0
154414,0
154415,0
154416,0
154417,0
154418,0
154419,0
154420,0
154421,0
154422,0
154423,0
154424,0
154425,0
154426,0
154427,0
154428,0
154429,0
154430,0
154431,0
154432,0
154433,0
154434,0
154435,0
154436,0
154437,0
154438,0
154439,0
154440,0
154441,0
154442,0
154443,0
154444,0
154445,0
154446,0
154447,0
154448,0
154449,0
154450,0
154451,0
154452,0
154458,0
154459,0
154460,0
154461,0
154462,0
154463,0
154464,0
154465,0
154466,0
154467,0
154468,0
154469,0
154470,0
154471,0
154472,0
154473,0
154474,0
154475,0
154476,0
154477,0
154478,0
154479,0
154480,0
154481,0
154482,0
154483,0
154484,0
154485,0
154486,0
154487,0
154488,0
154489,0
154490,0
154491,0
154492,0
154493,0
154494,0
154495,0
154496,0
154497,0
154498,0
154499,0
154500,0
154501,0
154502,0
154503,0
154504,0
154505,0
154506,0
154507,0
154508,0
154509,0
154510,0
154511,0
154512,0
154513,0
154514,0
154515,0
154516,0
154517,0
154518,0
155128,0
155129,0
155130,0
155131,0
155132,0
155133,0
155134,0
155135,0
155136,0
155137,0
155138,0
155139,0
155140,0
155141,0
155142,0
155143,0
155144,0
155145,0
155146,0
155147,0
155148,0
155149,0
155150,0
155151,0
155152,0
155153,0
155154,0
155155,0
155156,0
155157,0
155158,0
155159,0
155160,0
155161,0
155162,0
155163,0
155164,0
155165,0
155166,0
155167,0
155168,0
155169,0
155170,0
155171,0
155172,0
155178,0
155179,0
155180,0
155181,0
155182,0
155183,0
155184,0
155185,0
155186,0
155187,0
155188,0
155189,0
155190,0
155191,0
155192,0
155193,0
155194,0
155195,0
155196,0
155197,0
155198,0
155199,0
155200,0
155201,0
155202,0
155203,0
155204,0
155205,0
155206,0
155207,0
155208,0
155209,0
155210,0
155211,0
155212,0
155213,0
155214,0
155215,0
155216,0
155217,0
155218,0
155219,0
155220,0
155221,0
155222,0
155223,0
155224,0
155225,0
155226,0
155227,0
155228,0
155229,2
155230,2
155231,2
155232,2
155233,2
155234,0
155235,0
155236,0
155237,0
155238,0
155849,0
155850,0
155851,0
155852,0
155853,0
155854,0
155855,0
155856,0
155857,0
155858,0
155859,0
155860,0
155861,0
155862,0
155863,0
155864,0
155865,0
155866,0
155867,0
155868,0
155869,0
155870,0
155871,0
155872,0
155873,0
155874,0
155875,0
155876,0
155877,0
155878,0
155879,0
155880,0
155881,0
155882,0
155883,0
155884,0
155885,0
155886,0
155887,0
155888,0
155889,0
155890,0
155891,0
155892,0
155898,0
155899,0
155900,0
155901,0
155902,0
155903,0
155904,0
155905,0
155906,0
155907,0
155908,0
155909,0
155910,0
155911,0
155912,0
155913,0
155914,0
155915,0
155916,0
155917,0
155918,0
155919,0
155920,0
155921,0
155922,0
155923,0
155924,0
155925,0
155926,0
155927,0
155928,0
155929,0
155930,0
155931,0
155932,0
155933,0
155934,0
155935,0
155936,0
155937,0
155938,0
155939,0
155940,0
155941,0
155942,0
155943,0
155944,0
155945,0
155946,0
155947,0
155948,0
155949,2
155950,2
155951,2
155952,2
155953,2
155954,0
155955,0
155956,0
155957,0
156568,0
156569,2
156570,2
156571,2
156572,2
156573,2
156574,3
156575,0
156576,0
156577,0
156578,0
156579,0
156580,0
156581,0
156582,0
156583,0
156584,0
156585,0
156586,0
156587,0
156588,0
156589,0
156590,0
156591,0
156592,0
156593,0
156594,0
156595,0
156596,0
156597,0
156598,0
156599,0
156600,0
156601,0
156602,0
156603,0
156604,0
156605,0
156606,0
156607,0
156608,0
156609,0
156610,0
156611,0
156612,0
156618,0
156619,0
156620,0
156621,0
156622,0
156623,0
156624,0
156625,0
156626,0
156627,0
156628,0
156629,0
156630,0
156631,0
156632,0
156633,0
156634,0
156635,0
156636,0
156637,0
156638,0
156639,0
156640,0
156641,0
156642,0
156643,0
156644,0
156645,0
156646,0
156647,0
156648,0
156649,0
156650,0
156651,0
156652,0
156653,0
156654,0
156655,0
156656,0
156657,0
156658,0
156659,0
156660,0
156661,0
156662,0
156663,0
156664,0
156665,0
156666,0
156667,0
156668,0
156669,2
156670,2
156671,2
156672,2
156673,2
156674,0
156675,0
156676,0
157288,0
157289,2
157290,2
157291,2
157292,2
157293,2
157294,3
157295,0
157296,0
157297,0
157298,0
157299,0
157300,0
157301,0
157302,0
157303,0
157304,0
157305,0
157306,0
157307,0
157308,0
157309,0
157310,0
157311,0
157312,0
157313,0
157314,0
157315,0
157316,0
157317,0
157318,0
157319,0
157320,0
157321,0
157322,0
157323,0
157324,0
157325,0
157326,0
157327,0
157328,0
157329,0
157330,0
157331,0
157332,0
157333,0
157334,0
157335,0
157336,0
157337,0
157338,0
157339,0
157340,0
157341,0
157342,0
157343,0
157344,0
157345,0
157346,0
157347,0
157348,0
157349,0
157350,0
157351,0
157352,0
157353,0
157354,0
157355,0
157356,0
157357,0
157358,0
157359,0
157360,0
157361,0
157362,0
157363,0
157364,0
157365,0
157366,0
157367,0
157368,0
157369,0
157370,0
157371,0
157372,0
157373,0
157374,0
157375,0
157376,0
157377,0
157378,0
157379,0
157380,0
157381,0
157382,0
157383,0
157384,0
157385,0
157386,0
157387,0
157388,0
157389,2
157390,2
157391,2
157392,2
157393,2
157394,0
157395,0
158008,2
158009,2
158010,2
158011,2
158012,3
158013,2
158014,3
158015,0
158016,0
158017,0
158018,0
158019,0
158020,0
158021,0
158022,0
158023,0
158024,0
158025,0
158026,0
158027,0
158028,0
158029,0
158030,0
158031,0
158032,0
158033,0
158034,0
158035,0
158036,0
158037,0
158038,0
158039,0
158040,0
158041,0
158042,0
158043,0
158044,0
158045,0
158046,0
158047,0
158048,0
158049,0
158050,0
158051,0
158052,0
158053,0
158054,0
158055,0
158056,0
158057,0
158058,0
158059,0
158060,0
158061,0
158062,0
158063,0
158064,0
158065,0
158066,0
158067,0
158068,0
158069,0
158070,0
158071,0
158072,0
158073,0
158074,0
158075,0
158076,0
158077,0
158078,0
158079,0
158080,0
158081,0
158082,0
158083,0
158084,0
158085,0
158086,0
158087,0
158088,0
158089,0
158090,0
158091,0
158092,0
158093,0
158094,0
158095,0
158096,0
158097,0
158098,0
158099,0
158100,0
158101,0
158102,0
158103,0
158104,0
158105,0
158106,0
158107,0
158108,0
158109,2
158110,2
158111,2
158112,2
158113,2
158114,0
158115,0
158728,2
158729,2
158730,2
158731,2
158732,2
158733,2
158734,3
158735,0
158736,0
158737,0
158738,0
158739,0
158740,0
158741,0
158742,0
158743,0
158744,0
158745,0
158746,0
158747,0
158748,0
158749,0
158750,0
158751,0
158752,0
158753,0
158754,0
158755,0
158756,0
158757,0
158758,0
158759,0
158760,0
158761,0
158762,0
158763,2
158764,2
158765,2
158766,2
158767,2
158768,0
158769,0
158770,0
158771,0
158772,0
158773,0
158774,0
158775,0
158776,0
158777,0
158778,0
158779,0
158780,0
158781,0
158782,0
158783,0
158784,0
158785,0
158786,0
158787,0
158788,0
158789,0
158790,0
158791,0
158792,0
158793,0
158794,0
158795,0
158796,0
158797,0
158798,0
158799,0
158800,0
158801,0
158802,0
158803,0
158804,0
158805,0
158806,0
158807,0
158808,0
158809,0
158810,0
158811,0
158812,0
158813,0
158814,0
158815,0
158816,0
158817,0
158818,0
158819,0
158820,0
158821,0
158822,0
158823,0
158824,0
158825,0
158826,0
158827,0
158828,0
158829,0
158830,0
158831,2
158832,2
158833,2
158834,2
158835,2
159447,0
159448,2
159449,2
159450,2
159451,2
159452,2
159453,2
159454,3
159455,0
159456,0
159457,0
159458,0
159459,0
159460,0
159461,0
159462,0
159463,0
159464,0
159465,0
159466,0
159467,0
159468,0
159469,0
159470,0
159471,0
159472,0
159473,0
159474,0
159475,0
159476,0
159477,0
159478,0
159479,0
159480,0
159481,0
159482,0
159483,2
159484,2
159485,2
159486,2
159487,2
159488,0
159489,0
159490,0
159491,0
159492,0
159493,0
159494,0
159495,0
159496,0
159497,0
159498,0
159499,0
159500,0
159501,0
159502,0
159503,0
159504,0
159505,0
159506,0
159507,0
159508,0
159509,0
159510,0
159511,0
159512,0
159513,0
159514,0
159515,0
159516,0
159517,0
159518,0
159519,0
159520,0
159521,0
159522,0
159523,0
159524,0
159525,0
159526,0
159527,0
159528,0
159529,0
159530,0
159531,0
159532,0
159533,0
159534,0
159535,0
159536,0
159537,0
159538,0
159539,0
159540,0
159541,0
159542,0
159543,0
159544,0
159545,0
159546,0
159547,0
159548,0
159549,0
159550,0
159551,2
159552,2
159553,2
159554,2
159555,2
160167,0
160168,2
160169,2
160170,2
160171,2
160172,2
160173,0
160174,0
160175,0
160176,0
160177,0
160178,0
160179,0
160180,0
160181,0
160182,0
160183,0
160184,0
160185,0
160186,0
160187,0
160188,0
160189,0
160190,0
160191,0
160192,0
160193,0
160194,0
160195,0
160196,0
160197,0
160198,0
160199,0
160200,0
160201,0
160202,0
160203,2
160204,2
160205,2
160206,2
160207,2
160208,0
160209,0
160210,0
160211,0
160212,0
160213,0
160214,0
160215,0
160216,0
160217,0
160218,0
160219,0
160220,0
160221,0
160222,0
160223,0
160224,0
160225,0
160226,0
160227,0
160228,0
160229,0
160230,0
160231,0
160232,0
160233,0
160234,0
160235,0
160236,0
160237,0
160238,0
160239,0
160240,0
160241,0
160242,0
160243,0
160244,0
160245,0
160246,0
160247,0
160248,0
160249,0
160250,0
160251,0
160252,0
160253,0
160254,0
160255,0
160256,0
160257,0
160258,0
160259,0
160260,0
160261,0
160262,0
160263,0
160264,0
160265,0
160266,0
160267,0
160268,0
160269,0
160270,0
160271,2
160272,2
160273,2
160274,2
160275,2
160895,4
160896,4
160897,4
160898,4
160899,0
160900,0
160901,0
160902,0
160903,0
160904,0
160905,0
160906,0
160907,0
160908,0
160909,0
160910,0
160911,0
160912,0
160913,0
160914,0
160915,0
160916,0
160917,0
160918,0
160919,0
160920,0
160921,0
160922,0
160923,2
160924,2
160925,2
160926,2
160927,2
160928,0
160929,0
160930,0
160931,0
160932,0
160933,0
160934,0
160935,0
160936,0
160937,0
160938,0
160939,0
160940,0
160941,0
160942,0
160943,0
160944,0
160945,0
160946,0
160947,0
160948,0
160949,0
160950,0
160951,0
160952,0
160953,0
160954,0
160955,0
160956,0
160957,0
160958,0
160959,0
160960,0
160961,0
160962,0
160963,0
160964,0
160965,0
160966,0
160967,0
160968,0
160969,0
160970,0
160971,0
160972,0
160973,0
160974,0
160975,0
160976,0
160977,0
160978,0
160979,0
160980,0
160981,0
160982,0
160983,0
160984,0
160985,0
160986,0
160987,0
160988,0
160989,0
160990,0
160991,2
160992,2
160993,2
160994,2
161615,4
161616,4
161617,4
161618,4
161619,0
161620,0
161621,0
161622,0
161623,0
161624,0
161625,0
161626,0
161627,0
161628,0
161629,0
161630,0
161631,0
161632,0
161633,0
161634,0
161635,0
161636,0
161637,0
161638,0
161639,0
161640,0
161641,0
161642,0
161643,2
161644,2
161645,2
161646,2
161647,2
161648,0
161649,0
161650,0
161651,0
161652,2
161653,2
161654,2
161655,2
161656,2
161657,0
161658,0
161659,0
161660,0
161661,0
161662,0
161663,0
161664,0
161665,0
161666,0
161667,0
161668,0
161669,0
161670,0
161671,0
161672,0
161673,0
161674,0
161675,0
161676,0
161677,0
161678,0
161679,0
161680,0
161681,0
161682,0
161683,0
161684,0
161685,0
161686,0
161687,0
161688,0
161689,0
161690,0
161691,0
161692,0
161693,0
161694,0
161695,0
161696,0
161697,0
161698,0
161699,0
161700,0
161701,0
161702,0
161703,0
161704,0
161705,0
161706,0
161707,0
161708,0
161709,0
161710,0
161711,2
161712,2
161713,2
161714,2
162335,4
162336,4
162337,4
162338,4
162339,0
162340,0
162341,0
162342,0
162343,0
162344,0
162345,0
162346,0
162347,0
162348,0
162349,0
162350,0
162351,0
162352,0
162353,0
162354,0
162355,0
162356,0
162357,0
162358,0
162359,0
162360,0
162361,0
162362,0
162363,0
162364,0
162365,0
162366,0
162367,0
162368,0
162369,0
162370,0
162371,0
162372,2
162373,2
162374,2
162375,2
162376,2
162377,0
162378,0
162379,0
162380,0
162381,0
162382,0
162383,0
162384,0
162385,0
162386,0
162387,0
162388,0
162389,0
162390,0
162391,0
162392,0
162393,0
162394,0
162395,0
162396,0
162397,0
162398,0
162399,0
162400,0
162401,0
162402,0
162403,0
162404,0
162405,0
162406,0
162407,0
162408,0
162409,0
162410,0
162411,0
162412,0
162413,0
162414,0
162415,0
162416,0
162417,0
162418,0
162419,0
162420,0
162421,0
162422,0
162423,0
162424,0
162425,0
162426,0
162427,0
162428,0
162429,0
162430,0
162431,0
162432,0
162433,0
163055,4
163056,4
163057,4
163058,4
163059,0
163060,0
163061,0
163062,0
163063,0
163064,0
163065,0
163066,0
163067,0
163068,0
163069,0
163070,0
163071,0
163072,0
163073,0
163074,0
163075,0
163076,0
163077,0
163078,0
163079,0
163080,0
163081,0
163082,0
163083,0
163084,0
163085,0
163086,0
163087,0
163088,0
163089,0
163090,0
163091,0
163092,2
163093,2
163094,2
163095,2
163096,2
163097,0
163098,0
163099,0
163100,0
163101,0
163102,0
163103,0
163104,0
163105,0
163106,0
163107,0
163108,0
163109,0
163110,0
163111,0
163112,0
163113,0
163114,0
163115,0
163116,0
163117,0
163118,0
163119,0
163120,0
163121,0
163122,0
163123,0
163124,0
163125,0
163126,0
163127,0
163128,0
163129,0
163130,0
163131,0
163132,0
163133,0
163134,0
163135,0
163136,0
163137,0
163138,0
163139,0
163140,0
163141,0
163142,0
163143,0
163144,0
163145,0
163146,0
163147,0
163148,0
163149,0
163150,0
163151,0
163152,0
163777,4
163778,4
163779,0
163780,0
163781,0
163782,0
163783,0
163784,0
163785,0
163786,0
163787,0
163788,0
163789,0
163790,0
163791,0
163792,0
163793,0
163794,0
163795,0
163796,0
163797,0
163798,0
163799,0
163800,0
163801,0
163802,0
163803,0
163804,0
163805,0
163806,0
163807,0
163808,0
163809,0
163810,0
163811,0
163812,2
163813,2
163814,2
163815,2
163816,2
163817,0
163818,0
163819,0
163820,0
163821,0
163822,0
163823,0
163824,0
163825,0
163826,0
163827,0
163828,0
163829,0
163830,0
163831,0
163832,0
163833,0
163834,0
163835,0
163836,0
163837,0
163838,0
163839,0
163840,0
163841,0
163842,0
163843,0
163844,0
163845,0
163846,0
163847,0
163848,0
163849,0
163850,0
163851,0
163852,0
163853,0
163854,0
163855,0
163856,0
163857,0
163858,0
163859,0
163860,0
163861,0
163862,0
163863,0
163864,0
163865,0
163866,0
163867,0
163868,2
163869,2
163870,2
163871,2
164497,0
164498,0
164499,0
164500,0
164501,0
164502,0
164503,0
164504,0
164505,0
164506,0
164507,0
164508,0
164509,0
164510,0
164511,0
164512,0
164513,0
164514,0
164515,0
164516,0
164517,0
164518,0
164519,0
164520,0
164521,0
164522,0
164523,0
164524,0
164525,0
164526,0
164527,0
164528,0
164529,0
164530,0
164531,0
164532,2
164533,2
164534,2
164535,2
164536,2
164537,0
164538,0
164539,0
164540,0
164541,0
164542,0
164543,0
164544,0
164545,0
164546,0
164547,0
164548,0
164549,0
164550,0
164551,0
164552,0
164553,0
164554,0
164555,0
164556,0
164557,0
164558,0
164559,0
164560,0
164561,0
164562,0
164563,0
164564,0
164565,0
164566,0
164567,0
164568,0
164569,0
164570,0
164571,0
164572,0
164573,0
164574,0
164575,0
164576,0
164577,0
164578,0
164579,0
164580,0
164581,0
164582,0
164583,0
164584,0
164585,0
164586,0
164587,0
164588,2
164589,2
164590,2
164591,2
165217,0
165218,0
165219,0
165220,0
165221,0
165222,0
165223,0
165224,0
165225,0
165226,0
165227,0
165228,0
165229,0
165230,0
165231,0
165232,0
165233,0
165234,0
165235,0
165236,0
165237,0
165238,0
165239,0
165240,0
165241,0
165242,0
165243,0
165244,0
165245,0
165246,0
165247,0
165248,0
165249,0
165250,0
165251,0
165252,0
165253,0
165254,0
165255,0
165256,0
165257,0
165258,0
165259,0
165260,0
165261,0
165262,0
165263,0
165264,0
165265,0
165266,0
165267,0
165268,0
165269,0
165270,0
165271,0
165272,0
165273,0
165274,0
165275,0
165276,0
165277,0
165278,0
165279,0
165280,0
165281,0
165282,0
165283,0
165284,0
165285,0
165286,0
165287,0
165288,0
165289,0
165290,0
165291,0
165292,0
165293,0
165294,0
165295,0
165296,0
165297,0
165298,0
165299,0
165300,0
165301,0
165302,0
165303,0
165304,0
165305,0
165306,0
165307,0
165308,2
165309,2
165310,2
165311,2
165937,0
165938,0
165939,0
165940,0
165941,0
165942,0
165943,0
165944,0
165945,0
165946,0
165947,0
165948,0
165949,0
165950,0
165951,0
165952,0
165953,0
165954,0
165955,0
165956,0
165957,0
165958,0
165959,0
165960,0
165961,0
165962,0
165963,0
165964,0
165965,0
165966,0
165967,0
165968,0
165969,0
165970,0
165971,0
165972,0
165973,0
165974,0
165975,0
165976,0
165977,0
165978,0
165979,0
165980,0
165981,0
165982,0
165983,0
165984,0
165985,0
165986,0
165987,0
165988,0
165989,0
165990,0
165991,0
165992,0
165993,0
165994,0
165995,0
165996,0
165997,0
165998,0
165999,0
166000,0
166001,0
166002,0
166003,0
166004,0
166005,0
166006,0
166007,0
166008,0
166009,0
166010,0
166011,0
166012,0
166013,0
166014,0
166015,0
166016,0
166017,0
166018,0
166019,0
166020,0
166021,0
166022,0
166023,0
166024,0
166025,0
166026,0
166027,0
166028,2
166029,2
166030,2
166657,0
166658,0
166659,0
166660,0
166661,0
166662,0
166663,0
166664,0
166665,0
166666,0
166667,0
166668,0
166669,0
166670,0
166671,0
166672,0
166673,0
166674,0
166675,0
166676,0
166677,0
166678,0
166679,0
166680,0
166681,0
166682,0
166683,0
166684,0
166685,0
166686,0
166687,0
166688,0
166689,0
166690,0
166691,0
166692,0
166693,0
166694,0
166695,0
166696,0
166697,0
166698,0
166699,0
166700,0
166701,0
166702,0
166703,0
166704,0
166705,0
166706,0
166707,0
166708,0
166709,0
166710,0
166711,0
166712,0
166713,0
166714,0
166715,0
166716,0
166717,0
166718,0
166719,0
166720,0
166721,0
166722,0
166723,0
166724,0
166725,0
166726,0
166727,0
166728,0
166729,0
166730,0
166731,0
166732,0
166733,0
166734,0
166735,0
166736,0
166737,0
166738,0
166739,0
166740,0
166741,0
166742,0
166743,0
166744,0
166745,0
166746,0
166747,0
166748,2
166749,2
167384,0
167385,0
167386,0
167387,0
167388,0
167389,0
167390,0
167391,0
167392,0
167393,0
167394,0
167395,0
167396,0
167397,0
167398,0
167399,0
167400,0
167401,0
167402,0
167403,0
167404,0
167405,0
167406,0
167407,0
167408,0
167409,0
167410,0
167411,0
167412,0
167413,0
167414,0
167415,0
167416,0
167417,0
167418,0
167419,0
167420,0
167421,0
167422,0
167423,0
167424,0
167425,0
167426,0
167427,0
167428,0
167429,0
167430,0
167431,0
167432,0
167433,0
167434,0
167435,0
167436,0
167437,0
167438,0
167439,0
167440,0
167441,0
167442,0
167443,0
167444,0
167445,0
167446,0
167447,0
167448,0
167449,0
167450,0
167451,0
167452,0
167453,0
167454,0
167455,0
167456,0
167457,0
167458,0
167459,0
167460,0
167461,0
167462,0
167463,0
167464,0
167465,0
167466,0
167467,0
167468,0
167469,0
168104,0
168105,0
168106,0
168107,0
168108,0
168109,0
168110,0
168111,0
168112,0
168113,0
168114,0
168115,0
168116,0
168117,0
168118,0
168119,0
168120,0
168121,0
168122,0
168123,0
168124,0
168125,0
168126,0
168127,0
168128,0
168129,0
168130,0
168131,0
168132,0
168133,0
168134,0
168135,0
168136,0
168137,0
168138,0
168139,0
168140,0
168141,0
168142,0
168143,0
168144,0
168145,0
168146,0
168147,0
168148,0
168149,0
168150,0
168151,0
168152,0
168153,0
168154,0
168155,0
168156,0
168157,0
168158,0
168159,0
168160,0
168161,0
168162,0
168163,0
168164,0
168165,0
168166,0
168167,0
168168,0
168169,0
168170,0
168171,0
168172,0
168173,0
168174,0
168175,0
168176,0
168177,0
168178,0
168179,0
168180,0
168181,0
168182,0
168183,0
168184,0
168185,0
168186,0
168187,0
168188,0
168824,0
168825,0
168826,0
168827,0
168828,0
168829,0
168830,0
168831,0
168832,0
168833,0
168834,0
168835,0
168836,0
168837,0
168838,0
168839,0
168840,0
168841,0
168842,0
168843,0
168844,0
168845,0
168846,0
168847,0
168848,0
168849,0
168850,0
168851,0
168852,0
168853,0
168854,0
168855,0
168856,0
168857,0
168858,0
168859,0
168860,0
168861,0
168862,0
168863,0
168864,0
168865,0
168866,0
168867,0
168868,0
168869,0
168870,0
168871,0
168872,0
168873,0
168874,0
168875,0
168876,0
168877,0
168878,0
168879,0
168880,0
168881,0
168882,0
168883,0
168884,0
168885,0
168886,0
168887,0
168888,0
168889,0
168890,0
168891,0
168892,0
168893,0
168894,0
168895,0
168896,4
168897,4
168898,4
168899,4
168900,4
168901,0
168902,0
168903,0
168904,0
168905,0
168906,0
168907,0
168908,0
169535,0
169536,0
169537,0
169538,0
169539,0
169540,0
169541,0
169542,0
169543,0
169544,0
169545,0
169546,0
169547,0
169548,0
169549,0
169550,0
169551,0
169552,0
169553,0
169554,0
169555,0
169556,0
169557,0
169558,0
169559,0
169560,0
169561,0
169562,0
169563,0
169564,0
169565,0
169566,0
169567,0
169568,0
169569,0
169570,0
169571,0
169572,0
169573,0
169574,0
169575,0
169576,0
169577,0
169578,0
169579,0
169580,0
169581,0
169582,0
169583,0
169584,0
169585,0
169586,0
169587,0
169588,0
169589,0
169590,0
169591,0
169592,0
169593,0
169594,0
169595,0
169596,0
169597,0
169598,0
169599,0
169600,0
169601,0
169602,0
169603,0
169604,0
169605,0
169606,0
169607,0
169608,0
169609,0
169610,0
169611,0
169612,0
169613,0
169614,0
169615,0
169616,4
169617,4
169618,4
169619,4
169620,4
169621,0
169622,0
169623,0
169624,0
169625,0
169626,0
169627,0
169628,0
170256,0
170257,0
170258,0
170259,0
170260,0
170261,0
170262,2
170263,2
170264,2
170265,2
170266,2
170267,0
170268,0
170269,0
170270,0
170271,0
170272,0
170273,0
170274,0
170275,0
170276,0
170277,0
170278,0
170279,0
170280,0
170281,0
170282,0
170283,0
170284,0
170285,0
170286,0
170287,0
170288,0
170289,0
170290,0
170291,0
170292,0
170293,0
170294,0
170295,0
170296,0
170297,0
170298,0
170299,0
170300,0
170301,0
170302,0
170303,0
170304,0
170305,0
170306,0
170307,0
170308,0
170309,0
170310,0
170311,0
170312,0
170313,0
170314,0
170315,0
170316,0
170317,0
170318,0
170319,0
170320,0
170321,0
170322,0
170323,0
170324,0
170325,0
170326,0
170327,0
170328,0
170329,0
170330,0
170331,0
170332,0
170333,0
170334,0
170335,0
170336,4
170337,4
170338,4
170339,4
170340,4
170341,0
170342,0
170343,0
170344,0
170345,0
170346,0
170347,0
170978,0
170979,0
170980,0
170981,0
170982,2
170983,2
170984,2
170985,2
170986,2
170987,0
170988,0
170989,0
170990,0
170991,0
170992,0
170993,0
170994,0
170995,0
170996,0
170997,0
170998,0
170999,0
171000,0
171001,0
171002,0
171003,0
171004,0
171005,0
171006,0
171007,0
171008,0
171009,0
171010,0
171011,0
171012,0
171013,0
171014,0
171015,0
171016,0
171017,0
171018,0
171019,0
171020,0
171021,0
171022,0
171023,0
171024,0
171025,0
171026,0
171027,0
171028,0
171029,0
171030,0
171031,0
171032,0
171033,0
171034,0
171035,0
171036,0
171037,0
171038,0
171039,0
171040,0
171041,0
171042,0
171043,0
171044,0
171045,0
171046,0
171047,0
171048,0
171049,0
171050,0
171051,0
171052,0
171053,0
171054,0
171055,0
171056,4
171057,4
171058,4
171059,4
171060,4
171061,0
171062,0
171063,0
171064,0
171065,0
171066,0
171700,0
171701,0
171702,2
171703,2
171704,2
171705,2
171706,2
171707,3
171708,3
171709,3
171710,3
171711,0
171712,0
171713,0
171714,0
171715,0
171716,0
171717,0
171718,0
171719,0
171720,0
171721,0
171722,0
171723,0
171724,0
171725,0
171726,0
171727,0
171728,0
171729,0
171730,0
171731,0
171732,0
171733,0
171734,0
171735,0
171736,0
171737,0
171738,0
171739,0
171740,0
171741,0
171742,0
171743,0
171744,0
171745,0
171746,0
171747,0
171748,0
171749,0
171750,0
171751,0
171752,0
171753,0
171754,0
171755,0
171756,0
171757,0
171758,0
171759,0
171760,0
171761,0
171762,0
171763,0
171764,0
171765,0
171766,0
171767,0
171768,0
171769,0
171770,0
171771,0
171772,0
171773,0
171774,0
171775,0
171776,4
171777,4
171778,4
171779,4
171780,4
171781,0
171782,0
171783,0
171784,0
171785,0
171786,0
172421,0
172422,2
172423,2
172424,2
172425,2
172426,2
172427,3
172428,3
172429,3
172430,3
172431,0
172432,0
172433,0
172434,0
172435,0
172436,0
172437,0
172438,0
172439,0
172440,0
172441,0
172442,0
172443,0
172444,0
172445,0
172446,0
172447,0
172448,0
172449,0
172450,0
172451,0
172452,0
172453,0
172454,0
172455,0
172456,0
172457,0
172458,0
172459,0
172460,0
172461,0
172462,0
172463,0
172464,0
172465,0
172466,0
172467,0
172468,0
172469,0
172470,0
172471,0
172472,0
172473,0
172474,0
172475,0
172476,0
172477,0
172478,0
172479,0
172480,0
172481,0
172482,0
172483,0
172484,0
172485,0
172486,0
172487,0
172488,0
172489,0
172490,0
172491,0
172492,0
172493,0
172494,0
172495,0
172496,0
172497,0
172498,0
172499,0
172500,0
172501,0
172502,0
172503,0
172504,0
172505,0
173141,0
173142,1
173143,1
173144,1
173145,1
173146,1
173147,3
173148,4
173149,3
173150,3
173151,0
173152,0
173153,0
173154,0
173155,0
173156,0
173157,0
173158,0
173159,0
173160,0
173161,0
173162,0
173163,0
173164,0
173165,0
173166,0
173167,0
173168,0
173169,0
173170,0
173171,0
173172,0
173173,0
173174,0
173175,0
173176,0
173177,0
173178,0
173179,0
173180,0
173181,0
173182,0
173183,0
173184,0
173185,0
173186,0
173187,0
173188,0
173189,0
173190,0
173191,0
173192,0
173193,0
173194,0
173195,0
173196,0
173197,0
173198,0
173199,0
173200,0
173201,0
173202,0
173203,0
173204,0
173205,0
173206,0
173207,0
173208,0
173209,0
173210,0
173211,0
173212,0
173213,0
173214,0
173215,0
173216,0
173217,0
173218,0
173219,0
173220,0
173221,0
173222,0
173223,0
173224,0
173225,0
173226,0
173861,0
173862,1
173863,1
173864,1
173865,1
173866,1
173867,3
173868,3
173869,3
173870,3
173871,0
173872,0
173873,0
173874,0
173875,0
173876,0
173877,0
173878,0
173879,0
173880,0
173881,0
173882,0
173883,0
173884,0
173885,0
173886,0
173887,0
173888,0
173889,0
173890,0
173891,0
173892,0
173893,0
173894,0
173895,0
173896,0
173897,0
173898,0
173899,0
173900,0
173901,0
173902,0
173903,0
173904,0
173905,0
173906,0
173907,0
173908,0
173909,0
173910,0
173911,0
173912,0
173913,0
173914,0
173915,0
173916,0
173917,0
173920,0
173921,0
173922,0
173923,0
173924,0
173925,0
173926,0
173927,0
173928,0
173929,0
173930,0
173931,0
173932,0
173933,0
173934,0
173935,0
173936,0
173937,0
173938,0
173939,0
173940,0
173941,0
173942,0
173943,0
173944,0
173945,0
173946,0
174581,0
174582,0
174583,0
174584,2
174585,0
174586,0
174587,3
174588,3
174589,3
174591,3
174592,3
174593,0
174594,0
174595,0
174596,0
174597,0
174598,0
174599,0
174600,0
174601,0
174602,0
174603,0
174604,0
174605,0
174606,0
174607,0
174608,0
174609,0
174610,0
174611,0
174612,0
174613,0
174614,0
174615,0
174616,0
174617,0
174618,0
174619,0
174620,0
174621,0
174622,0
174623,0
174624,0
174625,0
174626,0
174627,0
174628,0
174629,0
174630,0
174631,0
174632,0
174633,0
174634,0
174635,0
174641,0
174642,0
174643,0
174644,0
174645,0
174646,0
174647,0
174648,0
174649,0
174650,0
174651,0
174652,0
174653,0
174654,0
174655,0
174656,0
174657,0
174660,0
174661,0
174662,0
174663,0
174664,0
174665,0
175301,0
175302,0
175303,0
175304,0
175305,0
175306,0
175307,0
175308,3
175309,3
175310,3
175311,3
175312,3
175313,0
175314,0
175315,0
175316,0
175317,0
175318,0
175319,0
175320,0
175321,0
175322,0
175323,0
175324,0
175325,0
175326,0
175327,0
175328,0
175329,0
175330,0
175331,0
175332,0
175333,0
175334,0
175335,0
175336,0
175337,0
175338,0
175339,0
175340,0
175341,0
175342,0
175343,0
175344,0
175345,0
175346,0
175347,0
175348,0
175349,0
175350,0
175351,0
175361,0
175362,0
175363,0
175364,0
175365,0
175366,0
175367,0
175368,0
175369,0
175370,0
175371,0
175372,0
176022,0
176023,0
176024,4
176025,0
176026,0
176027,0
176028,3
176029,3
176030,3
176031,3
176032,3
176033,0
176034,0
176035,0
176036,0
176037,0
176038,0
176039,0
176040,0
176041,0
176042,0
176043,0
176044,0
176045,0
176046,0
176047,0
176048,0
176049,0
176050,0
176051,0
176052,0
176053,0
176054,0
176055,0
176056,0
176057,0
176058,0
176059,0
176060,0
176061,0
176062,0
176063,0
176064,0
176065,0
176066,0
176067,0
176068,0
176069,0
176070,0
176071,0
176081,0
176082,0
176083,0
176084,0
176085,0
176086,0
176087,0
176088,0
176742,4
176743,4
176744,4
176745,4
176746,4
176747,0
176748,3
176749,3
176750,3
176751,3
176752,3
176753,0
176754,0
176755,0
176756,0
176757,0
176758,0
176759,0
176760,0
176761,0
176762,0
176763,0
176764,0
176765,0
176766,0
176767,0
176768,0
176769,0
176770,0
176771,0
176772,0
176773,0
176774,0
176775,0
176776,0
176777,0
176778,0
176779,0
176780,0
176781,0
176782,0
176783,0
176784,0
176785,0
176786,0
176787,0
176788,0
176789,0
176802,0
176803,0
176804,0
176805,0
176806,0
177463,4
177464,4
177465,4
177466,4
177467,0
177468,3
177470,3
177472,3
177473,0
177474,0
177475,4
177476,4
177477,4
177478,4
177479,4
177480,0
177481,0
177482,0
177483,0
177484,0
177485,0
177486,0
177487,0
177488,0
177489,0
177490,0
177491,0
177492,0
177493,0
177494,0
177495,4
177496,4
177497,3
177498,3
177499,3
177500,0
177501,0
177502,0
177503,0
177504,0
178185,0
178186,0
178187,0
178188,0
178189,0
178190,0
178191,0
178192,0
178193,0
178194,0
178195,4
178196,4
178197,4
178198,4
178199,4
178200,0
178201,0
178202,0
178203,0
178204,0
178205,0
178206,0
178207,0
178208,0
178209,0
178210,0
178211,0
178212,0
178213,0
178214,4
178215,4
178216,3
178217,3
178218,3
178219,3
178220,0
178221,0
178222,0
178907,0
178908,0
178909,0
178910,0
178911,0
178912,1
178913,1
178914,1
178915,4
178916,4
178917,4
178918,4
178919,4
178920,0
178921,0
178922,0
178923,0
178924,0
178925,0
178926,0
178927,0
178928,0
178929,0
178930,0
178931,0
178932,0
178933,0
178934,4
178935,4
178936,3
178937,4
178938,3
178939,3
178940,0
178941,0
179628,0
179629,0
179630,0
179631,0
179632,1
179633,1
179634,1
179635,4
179636,4
179637,4
179638,4
179639,4
179640,0
179641,0
179642,0
179643,0
179644,0
179645,0
179646,0
179647,0
179648,0
179649,0
179650,0
179651,0
179652,0
179653,0
179654,4
179655,0
179656,4
179657,4
179658,4
179659,4
179660,4
179661,0
179662,0
180348,0
180349,0
180350,0
180351,0
180352,1
180353,1
180354,1
180355,4
180356,4
180357,4
180358,4
180359,4
180360,0
180361,0
180362,0
180363,0
180364,0
180365,0
180366,0
180367,0
180368,0
180369,0
180370,0
180371,0
180372,0
180373,0
180374,4
180375,0
180376,4
180377,4
180378,4
180379,4
180380,4
180381,1
180382,1
181069,0
181070,0
181078,4
181079,4
181080,0
181081,0
181082,0
181083,0
181084,0
181085,0
181086,0
181087,0
181088,0
181089,0
181090,0
181091,0
181092,0
181093,0
181094,4
181095,4
181096,4
181097,4
181098,4
181099,4
181100,4
181101,1
181102,1
181801,0
181802,0
181803,0
181804,0
181805,0
181806,0
181807,0
181808,0
181809,0
181810,0
181811,0
181812,0
181813,0
181814,0
181815,4
181816,4
181817,4
181818,4
181819,4
181820,4
181821,1
182525,0
182526,0
182527,0
182528,0
182529,0
182530,0
182531,0
182532,0
182533,0
182534,0
182535,4
182536,4
182537,4
182538,4
182539,4
182540,4
182541,1
182542,1
183259,1
183260,1
183261,1
